id,production_country_id
ts300399,0
tm84618,0
tm154986,0
tm127384,1
tm120801,1
tm120801,0
ts22164,1
tm70993,1
tm14873,0
tm119281,0
tm98978,0
tm44204,1
tm44204,0
tm67378,0
tm69997,0
tm16479,0
tm135083,2
tm89386,3
tm156453,0
tm14350,2
tm81728,2
tm94651,4
tm27298,2
tm100027,5
tm100027,4
tm19608,2
tm204541,2
tm259855,6
tm259855,7
tm259855,8
tm356209,4
tm200475,6
tm90896,10
tm90896,2
tm336403,4
tm107372,4
tm358653,4
tm259684,7
tm259684,8
tm259684,6
tm403346,4
tm16812,4
ts20681,0
tm155787,0
tm22327,0
tm22327,1
tm180542,0
tm180542,11
tm138875,0
tm2386,1
tm2386,0
tm133087,0
tm177480,0
tm54450,0
ts22082,0
ts21715,1
ts20678,0
tm145608,0
ts25028,0
tm147710,0
tm142895,0
tm20712,0
tm117580,0
ts23753,0
tm130586,0
ts987,1
tm721687,4
tm40103,12
tm125985,12
ts2760,1
tm21953,0
tm126769,13
tm152839,0
tm49037,12
tm62924,1
tm52815,4
tm159912,4
tm133914,1
tm38736,0
tm51083,0
tm137013,0
tm157603,4
tm258072,0
tm114356,0
tm157853,0
tm132164,0
tm446654,4
tm348735,4
tm151332,8
tm151332,2
tm342996,4
tm24110,0
tm371359,4
tm55091,0
ts63001,0
tm311264,4
tm411457,4
tm172482,4
tm419052,4
tm47673,2
tm52274,8
tm52274,6
tm147829,0
ts20981,0
tm107744,0
ts22176,7
ts22176,0
tm15897,0
ts21223,12
tm191013,0
tm122434,0
tm25947,0
tm25947,1
tm43808,0
ts20339,12
ts5145,0
tm191110,0
ts34435,12
tm192037,0
tm27395,0
tm113513,0
ts20983,12
tm192405,0
tm116655,0
tm116655,8
ts21567,0
tm116488,0
tm11556,12
tm11556,0
tm56574,0
ts20960,0
tm53991,0
tm49178,0
ts25252,12
tm191989,0
ts22193,7
ts22193,0
ts22489,0
ts22489,7
ts21034,12
tm121879,0
tm44402,3
tm44402,0
tm187187,0
ts16919,0
tm6859,0
tm118238,0
tm111163,0
tm111163,7
tm190835,12
tm192769,0
tm187791,0
tm113576,0
tm65686,0
ts8570,0
tm191387,14
tm191387,0
tm191387,15
ts27693,0
tm19494,0
tm191772,0
tm12499,0
tm186589,11
tm186589,0
tm186589,8
tm189764,0
tm10739,7
tm10739,0
tm1822,12
tm1822,0
tm55369,0
ts251477,12
tm192431,0
ts22286,12
tm192199,0
ts11397,0
tm56033,16
tm56033,1
tm56033,3
tm56033,8
ts21581,0
tm117488,0
tm190811,0
tm191431,17
tm191431,0
tm10811,0
tm49839,0
ts20918,0
ts21693,0
ts20939,0
ts21684,18
ts22080,8
tm67635,4
tm320211,1
tm7073,0
ts28516,13
tm117873,4
tm55100,4
tm64817,0
ts22039,8
tm188606,3
tm188606,19
tm188606,1
tm188606,0
tm188606,20
tm41525,21
tm189171,22
tm189171,13
tm63514,0
tm21911,0
tm188970,1
tm12876,4
ts224786,23
tm62176,4
tm52871,4
tm8687,0
tm104933,0
tm184326,4
tm62385,4
tm191614,8
tm191614,2
tm110766,24
tm110766,0
tm110766,8
tm110766,3
tm9898,4
tm47530,4
tm57169,1
tm57169,0
tm192301,4
tm58893,4
tm110160,4
tm118438,4
tm424630,0
tm27601,4
tm203186,6
tm128073,1
tm7951,0
tm7135,0
tm52083,8
tm52083,25
tm52083,6
tm52083,26
tm340430,4
tm7032,26
tm7032,8
tm7032,11
tm7032,6
tm256669,4
tm64729,0
tm184224,0
tm25389,4
tm34391,1
tm44776,8
tm44776,2
tm334788,4
tm117840,8
tm117840,2
tm42397,4
tm314602,4
tm7810,0
tm210754,27
tm449775,4
tm449775,5
ts4,0
ts20371,1
ts9,0
ts21465,0
tm74402,0
tm91952,7
tm91952,0
ts288536,1
ts12724,0
ts6644,28
ts8308,0
tm111828,0
ts21469,0
ts17156,0
ts22011,7
ts26091,8
tm150112,0
ts22337,0
ts3371,0
tm80906,0
ts20604,0
ts20573,1
tm92641,0
tm92641,1
ts22099,0
tm27911,0
ts21464,0
tm88465,7
tm88465,0
tm172683,0
ts11313,12
ts21247,0
ts20305,12
tm42877,3
tm42877,0
tm39030,3
tm39030,1
tm39030,0
tm39030,29
tm39030,30
ts21511,7
ts21511,0
tm997728,0
ts17942,0
tm89677,0
tm78592,0
tm105329,0
ts30311,0
tm139658,0
tm26327,0
tm95477,31
tm95477,1
tm95477,0
tm154187,18
tm154187,3
tm154187,1
tm154187,0
ts22267,7
tm133767,1
tm133767,0
ts2230,0
tm45454,0
tm26897,1
tm26897,0
tm133374,0
tm195620,0
tm136808,0
tm70807,0
ts19036,7
ts19036,0
tm93055,0
tm85811,0
ts22456,0
tm101914,0
tm131038,0
tm131038,12
tm58382,0
tm35463,0
tm30603,0
ts22018,0
tm20959,0
tm136308,0
tm29737,3
tm29737,0
tm148270,0
tm89036,0
tm46436,7
tm46436,0
ts21197,1
ts21544,0
tm150260,0
ts31263,26
ts31263,0
ts30313,18
tm79895,0
ts12787,12
tm116324,0
tm39828,0
tm23935,0
tm78067,0
tm95252,0
tm32919,3
tm32919,0
tm169949,0
tm30205,17
tm40009,0
tm141390,0
ts35155,12
tm94606,1
tm94606,0
ts15986,1
tm102337,0
ts22318,11
tm159901,0
tm74780,0
ts30356,1
ts32186,12
tm24088,0
tm111600,0
tm88045,0
tm78919,0
tm78919,8
tm78919,3
tm78919,1
tm173066,1
tm173066,0
tm173066,8
tm173066,3
tm118637,0
tm142564,4
tm57190,0
ts21706,18
tm137362,0
ts24028,1
tm148379,0
tm137342,0
tm90864,0
ts21740,12
tm32144,0
tm141707,0
tm150214,11
tm150214,0
tm81030,1
tm81030,0
ts687,0
tm147211,0
tm147211,1
ts31514,0
ts33559,1
tm78671,0
ts26322,12
ts12815,0
tm27268,0
tm86189,0
tm86189,7
tm700,0
tm700,32
tm101249,0
tm161263,3
tm161263,0
tm81270,0
tm89684,0
tm165593,3
tm165593,0
tm112381,0
tm39487,0
ts23752,12
tm43399,4
ts21421,1
ts21421,22
ts22005,7
ts20398,18
tm186461,1
tm186461,0
tm186461,12
tm29555,0
tm103095,17
tm103095,33
tm97070,0
tm101334,0
tm183963,0
tm76428,0
tm77649,0
tm86924,0
ts98340,7
ts98340,0
tm26638,0
tm78189,1
tm78189,0
tm78189,34
ts20544,12
ts23835,35
tm104880,0
ts30288,12
ts38159,8
tm22294,0
tm100015,0
ts25765,12
ts21688,36
tm83786,4
tm130574,0
tm114476,0
ts20535,0
ts1893,1
tm118462,3
tm118462,0
ts12701,8
ts121176,0
tm86995,0
ts20526,0
ts23808,0
tm97544,7
tm97544,0
tm97544,4
ts31593,36
ts27459,33
ts3666,12
tm53999,0
tm164557,12
tm164557,17
tm80059,12
tm135451,0
tm71558,21
tm134235,12
tm160800,7
tm160800,1
tm160800,0
tm22342,0
ts42914,8
tm22636,7
ts21967,7
ts21967,0
tm85549,2
tm100688,8
tm100688,21
tm100688,22
tm22493,0
ts14102,7
tm103732,4
tm73058,4
tm138497,7
ts20358,0
tm36475,4
tm144345,4
tm76835,4
tm38896,0
tm86051,4
ts74931,0
tm29269,4
ts17028,12
tm91046,2
tm75022,0
tm41508,0
ts67595,23
tm49405,12
tm82765,4
tm82765,0
tm33981,7
ts52849,1
tm95238,0
tm95238,7
tm32885,4
ts72322,23
ts63295,13
ts63295,22
ts23319,1
ts21695,36
tm72587,4
tm99776,0
tm83175,4
tm139349,0
tm59880,0
ts56589,36
tm61056,4
tm129763,4
ts21664,0
tm44378,37
tm25842,0
tm34846,12
tm71119,0
tm170873,0
tm22540,4
tm96037,12
tm110923,8
tm110923,38
tm110923,3
tm110923,24
tm168869,18
ts37200,8
tm147686,0
tm93612,12
tm36164,12
tm30170,4
tm29731,4
tm147494,12
tm44530,4
tm89936,36
ts98353,0
ts44663,8
tm81461,13
tm81461,3
tm81461,39
tm81461,22
tm155761,4
tm48083,8
tm84348,0
tm175687,0
tm33067,4
tm70222,4
tm105278,12
tm352243,0
ts98316,1
tm82718,27
tm98975,4
ts98252,0
tm101609,4
tm39557,4
tm150521,17
tm30289,0
tm141117,4
tm80339,12
tm33729,4
tm93004,4
ts13411,0
ts1464,23
tm145243,4
tm34524,12
tm111226,4
tm23441,4
tm166293,4
tm24576,12
tm92977,4
tm77348,4
ts34414,23
ts29199,0
ts29199,1
tm91323,4
tm88366,4
tm156575,4
tm164389,4
tm37945,4
tm106625,4
tm65142,12
tm99450,4
tm149209,4
tm23977,37
tm23977,13
tm160596,30
tm160596,1
tm160596,28
tm160596,40
tm160596,41
tm129971,4
tm56428,7
ts18653,4
tm177687,12
tm77863,4
tm80455,4
tm184732,4
tm89764,12
ts4866,42
tm134407,4
tm103133,4
tm54147,4
tm54147,0
ts137477,0
ts19384,0
tm101684,27
tm152724,4
ts204466,23
tm96168,4
tm146887,4
tm138902,12
tm165809,4
tm31335,4
tm43179,4
tm170169,4
tm84316,4
tm112235,4
tm368679,4
ts74928,8
tm148041,4
tm176297,4
tm68191,3
tm352863,0
tm25029,42
ts40702,43
tm237621,44
tm22989,0
tm35652,4
tm80487,0
tm44634,0
tm22558,45
tm52352,0
tm104349,36
tm85243,7
tm36636,4
tm226362,46
tm145690,44
tm31564,0
tm41953,1
tm98475,4
tm95434,17
ts44053,33
tm96595,4
ts4924,42
ts178360,23
tm154802,4
tm51493,27
tm97982,4
tm52176,4
tm102848,4
tm114504,4
tm340006,12
tm154375,4
tm134140,4
tm27484,4
tm81864,17
tm241875,0
tm29028,26
tm29028,8
tm29028,22
tm29028,47
tm29028,24
tm164591,4
tm130301,4
tm712151,32
ts12444,42
tm91176,44
tm91176,0
tm143510,4
tm308960,1
tm144835,0
tm135795,6
tm135795,8
tm34924,17
tm49865,4
ts39604,42
tm598375,4
tm96052,13
tm62369,33
tm62369,17
tm32915,4
ts1413,42
tm254052,4
tm91125,4
ts8614,43
tm100106,48
ts188031,21
tm85689,4
ts25707,43
tm38454,0
tm57586,4
ts23797,42
tm76029,6
tm76029,1
tm76029,8
tm42831,4
ts70843,42
tm216753,21
tm168751,6
tm101540,4
tm142153,4
tm92671,17
tm88343,4
ts23353,43
tm628693,4
tm155774,8
tm155774,3
tm155774,49
tm155774,24
tm46867,4
tm95507,4
tm75544,4
tm144263,4
tm21155,6
tm21155,8
tm85369,4
tm341561,24
tm140653,17
tm311516,4
ts29581,43
tm152413,45
ts82583,43
tm130999,4
tm28024,48
tm1077037,4
tm85563,1
tm85563,0
tm85563,50
tm85563,8
tm85563,3
tm85563,44
ts124246,4
tm254745,24
tm76399,48
ts82592,43
tm639940,0
tm404676,0
tm89054,51
tm252951,0
tm87672,45
ts20660,0
tm68272,0
tm61801,0
tm44730,0
ts21095,0
tm39888,0
tm166978,0
ts20564,0
ts8175,1
ts278,1
tm170442,0
tm41792,0
ts21580,0
ts32835,12
ts21599,0
tm32982,0
tm32982,1
tm60292,1
tm60292,0
ts27680,1
ts20433,12
tm171885,0
tm158304,52
tm158304,0
ts17598,0
ts20458,28
ts20458,0
ts20429,12
ts20457,0
tm178201,1
tm178201,0
tm36237,8
tm36237,0
tm36237,1
tm40319,0
ts6506,53
ts6506,0
ts6506,7
ts9794,0
ts33338,1
tm39896,0
tm74848,7
tm74848,0
ts27468,0
ts20500,25
tm168921,0
tm160132,0
tm49592,0
tm167232,1
tm167232,8
tm167232,3
tm38980,0
ts20556,0
tm69926,0
tm60844,12
ts9246,12
ts27835,0
ts20648,12
ts18551,1
tm62210,12
tm106278,0
tm182586,36
ts36647,28
ts81858,36
ts34740,7
ts34740,0
tm176507,0
ts21081,23
ts27586,12
ts19779,0
ts22249,12
tm178395,0
tm173195,0
tm173195,53
tm173195,11
tm69386,1
tm174683,1
tm174683,0
tm72845,0
ts34921,12
tm170758,0
tm174256,7
tm174256,0
tm56296,0
tm160371,0
tm183547,7
tm183547,0
ts34737,21
tm59590,12
ts34151,12
tm161904,0
tm44165,2
tm53034,0
ts32460,42
ts26776,12
tm164353,4
ts39093,0
ts33349,36
tm38064,12
tm182125,4
ts55532,0
tm57436,8
tm72251,1
tm72251,0
ts191698,1
ts45996,18
tm160361,0
tm34331,0
tm183039,0
ts35426,1
ts58528,0
tm177258,4
tm174190,0
tm68436,4
tm65765,0
tm179451,4
tm177044,12
tm49451,0
tm1096916,8
tm176128,17
tm67444,0
tm183176,18
tm40860,0
tm35700,4
tm170395,0
tm170395,32
tm170395,3
tm169053,4
tm53395,0
tm183037,4
tm183037,3
tm177958,4
ts6879,37
tm178106,4
tm57610,4
tm169354,2
tm176111,33
tm176111,17
tm59372,4
tm161804,27
tm159593,4
ts39112,7
tm44615,4
tm54780,12
ts167724,1
ts99814,54
tm175909,4
ts158608,32
tm57382,18
tm59289,4
tm47171,4
tm165712,1
tm48239,4
tm160021,17
tm160021,33
tm54371,4
tm172883,4
tm174518,4
tm70528,32
tm74031,4
tm181856,0
tm38013,4
tm42306,4
ts32561,42
tm39606,4
tm167241,4
ts37864,33
tm71992,4
tm31948,36
tm166810,4
tm37573,17
tm69915,4
tm164090,0
tm37175,0
tm66725,4
tm166740,4
tm200838,51
ts44064,42
tm169128,0
tm172353,4
tm34746,4
tm29400,48
tm53360,4
tm180532,4
tm34142,4
ts27875,35
tm162592,2
ts41114,43
tm70652,4
tm339197,4
tm172211,55
tm1077038,4
tm57256,4
tm529723,4
ts128422,54
tm53829,0
tm51412,0
tm38331,48
tm481620,4
tm30278,4
tm165932,4
tm63368,24
tm161632,0
tm182026,4
tm235979,4
tm946846,0
tm946846,6
tm946846,52
tm181366,6
tm60213,48
tm159623,48
ts60663,43
tm34646,48
ts39465,43
ts69208,42
tm224577,44
tm172504,24
tm172504,40
tm172504,0
tm172504,52
ts20110,1
ts20837,0
ts20682,12
ts20824,0
ts1639,0
ts20351,0
ts11188,0
tm140389,0
tm140389,8
tm140389,1
ts20248,0
tm150928,0
tm140877,1
tm140877,0
ts8146,0
tm176864,0
tm176864,3
tm176864,1
tm151663,0
ts16045,0
tm145655,0
tm160621,0
ts20292,0
tm134967,0
tm183523,0
ts6,0
tm148147,7
tm148147,0
tm143227,0
ts21374,0
ts14583,0
tm169719,0
tm182429,0
ts20261,0
tm175843,0
tm163686,0
ts21367,0
ts20108,0
tm180572,0
tm151807,0
tm151764,0
ts20823,0
tm153284,0
ts32218,0
ts35682,18
tm165967,1
tm165967,32
ts20791,0
tm161525,0
tm161525,7
tm161525,37
tm168400,0
tm161282,0
ts20280,0
tm148671,0
tm171042,0
tm178712,0
ts20288,0
ts20281,0
tm187279,1
tm165521,0
tm165521,1
tm141648,0
tm141648,1
tm141648,33
tm141648,7
ts314002,12
tm176630,0
ts32060,0
tm184608,0
tm187979,0
tm171228,0
ts2727,1
ts20790,0
tm161029,0
ts20014,12
tm181270,0
ts35570,1
tm237143,0
tm181081,18
tm181081,47
tm181081,1
ts20336,22
ts35244,0
tm144121,0
ts2161,56
ts32271,57
ts20097,0
ts22383,8
ts22383,0
tm143642,3
ts36836,0
ts22426,12
ts42168,27
tm148976,0
ts35282,7
tm136601,0
tm151716,0
tm166628,0
tm140342,18
tm140342,0
ts20883,0
tm151447,1
tm151447,0
tm147913,4
ts11794,7
ts11794,0
ts11794,1
ts98110,0
ts22445,36
tm469911,50
tm149038,0
tm161562,28
tm161562,0
ts34066,18
ts521,0
tm71148,0
tm156811,4
ts82979,0
ts33590,0
tm138431,58
tm138431,1
tm144046,0
ts33840,12
tm171965,0
tm157085,1
tm185208,0
tm185208,15
tm180599,0
ts58137,7
ts58137,12
ts58137,0
tm154797,7
tm154797,36
ts20709,12
ts10206,7
ts154625,8
ts37187,0
ts53641,0
tm148910,4
tm182275,24
tm152904,0
tm172710,0
tm143757,0
ts35628,7
ts57744,36
ts58010,0
tm143372,12
ts21368,27
tm167944,12
tm187390,0
tm187390,2
tm187390,1
tm143363,4
ts88394,0
ts36127,0
tm458034,0
ts3799,0
tm171929,0
tm155291,4
tm180643,7
tm180643,0
tm139617,0
ts16117,27
tm182969,27
tm215339,0
tm151927,4
tm139922,0
tm185797,4
tm174289,0
tm181092,4
ts20781,36
tm180802,0
tm183706,15
tm168685,36
tm199408,1
tm140911,0
tm148597,1
ts76743,12
ts83239,35
tm144021,0
tm148457,4
ts75104,59
tm148662,60
tm148662,13
ts34074,36
tm181550,4
tm149914,0
tm145627,4
tm186161,4
tm183002,4
ts122290,4
ts75833,35
tm158302,4
tm182322,4
tm157062,4
tm186054,4
tm165504,17
tm167342,4
tm35895,15
tm158980,4
ts67797,0
tm149747,21
tm159819,48
tm2269,61
tm175753,4
tm178513,4
tm160034,4
tm142630,4
tm149578,0
tm176481,4
tm137379,0
tm360904,0
tm167107,4
tm158546,4
tm236725,1
tm151210,0
tm146657,57
tm146657,25
tm146657,32
tm146657,52
tm146657,1
tm146657,62
tm146657,16
tm157681,24
tm145791,36
tm175954,0
tm158436,0
tm172027,27
tm209037,37
tm153055,0
tm155051,7
tm143299,4
tm348393,44
tm182227,0
tm182534,0
ts121189,4
tm157461,27
tm370685,44
ts20238,33
tm157609,22
tm152273,12
tm202914,0
tm183654,17
tm147518,15
tm197423,44
tm145658,48
ts82860,43
tm151860,0
tm151860,33
tm151860,3
tm151860,43
tm151860,63
tm184511,4
tm145216,27
tm610571,4
tm529733,4
tm169054,4
tm154729,4
tm187505,48
tm177645,51
tm155507,0
tm182580,6
tm152843,7
tm147405,0
tm185736,0
tm587320,22
tm183805,4
tm132675,0
tm323262,12
tm181051,3
tm181051,11
tm181051,24
tm181051,8
tm169294,48
tm147908,4
tm178992,17
tm250364,51
tm162259,0
tm166723,48
tm177224,4
tm187118,4
ts144527,43
tm577690,44
tm200926,52
tm200926,6
tm155014,7
tm159296,4
tm179328,51
ts32752,42
tm186408,4
tm157783,4
tm146144,4
tm144541,13
tm175364,4
tm136036,48
tm163066,1
tm188290,48
tm142852,48
tm228574,7
tm171891,4
tm176900,4
tm158671,0
tm144557,27
tm169669,48
tm149541,0
tm144451,32
tm205684,44
tm175577,44
tm178234,6
tm178234,52
tm176553,44
tm176553,0
tm481846,51
tm138280,4
tm156397,48
tm159094,4
tm1194608,4
tm460055,0
tm460055,22
tm157286,4
tm179248,4
tm1036195,24
ts107543,43
tm242276,4
tm159701,0
tm177376,0
tm150962,4
ts261583,44
ts8,0
ts37143,0
ts38796,0
ts21867,7
ts41766,0
ts37539,12
tm232579,64
ts36577,1
ts35201,12
tm243100,0
ts42069,1
ts42069,0
ts36885,0
tm195209,1
tm195209,0
tm195209,8
tm239760,0
tm239760,7
tm204163,0
ts36147,0
ts35793,0
ts53051,0
tm135307,0
tm205890,0
tm205890,8
tm205890,65
tm205890,1
tm239727,0
tm242705,8
tm242705,26
tm138905,0
ts38199,0
ts42062,8
ts41961,0
ts35251,0
ts41956,0
ts38718,7
ts42014,0
ts53664,57
ts37866,8
ts42120,7
tm140391,0
tm140391,1
tm199607,18
tm199607,0
tm137869,0
ts42077,11
ts42077,1
ts52922,0
ts18010,0
ts36129,0
ts36631,0
ts36550,0
ts70529,25
ts41975,0
ts38734,1
ts36015,0
tm120609,0
ts35554,0
ts21981,0
tm137693,0
ts35563,0
ts21869,0
tm137002,4
ts47714,7
tm206698,0
ts38710,7
ts38710,0
ts21885,0
tm139841,0
tm139841,7
tm139841,1
tm233377,0
ts35253,7
tm143984,1
tm143984,0
tm143984,34
ts41289,1
tm233425,12
ts38090,7
ts38090,8
ts21986,0
tm120108,0
tm120108,33
tm239676,0
ts36177,18
tm212927,0
tm194792,0
ts35775,0
ts38415,7
ts42687,1
ts38511,0
ts38304,63
ts35354,0
ts42170,1
tm193769,1
tm193769,0
tm138297,0
ts41906,12
tm132273,0
tm143085,21
tm143085,32
tm143085,0
tm245271,12
ts36046,0
tm135106,0
tm196296,0
tm196296,1
tm196296,22
ts39007,0
tm209987,0
ts36545,0
tm219233,1
tm219233,0
ts42169,12
tm199700,26
tm199700,28
tm199700,3
tm199700,1
tm199700,0
ts36856,0
ts37971,0
ts41490,0
ts41963,0
ts37464,25
tm233214,1
tm233214,66
tm233214,67
tm233214,68
ts52838,15
ts41149,0
tm136483,0
ts53099,56
tm134791,0
tm221740,7
tm140843,0
ts38204,0
tm219248,0
tm196125,0
tm204035,0
ts82825,13
tm233521,0
ts42655,18
tm206512,0
ts36983,0
ts38783,18
ts38116,12
tm239743,0
ts35256,0
tm200126,0
tm200126,7
tm208622,47
tm208622,0
ts35362,22
ts42156,7
tm244788,0
ts3844,0
ts41913,0
tm139532,0
tm253083,0
ts42119,0
tm136321,0
tm225308,7
tm225308,3
tm225308,1
ts52830,0
tm238722,0
ts42090,0
tm136257,19
tm136257,0
tm244403,0
tm200690,0
ts53287,0
ts37660,36
tm147082,0
ts38731,16
ts38731,1
ts38809,0
tm233465,0
ts53249,0
tm230551,17
tm230551,33
ts42137,0
ts76956,18
ts38758,12
ts35987,0
tm228677,33
tm228677,0
tm155102,0
tm155102,1
tm220594,63
tm220594,1
tm220594,0
tm243121,0
tm205812,16
tm205812,32
tm234586,4
ts38770,0
tm135543,0
tm135543,8
tm135543,31
tm215638,34
tm239683,0
ts42257,36
ts52829,1
tm214825,0
tm242736,0
ts42022,13
ts37944,8
tm239707,0
tm136061,1
tm136061,8
tm239733,55
ts38568,0
tm142881,0
ts37779,1
tm232953,0
tm193125,0
tm244507,22
tm244507,13
tm134516,33
ts52981,0
tm270504,1
ts41258,36
tm244880,7
tm244880,0
tm233317,0
tm205333,48
ts43209,3
tm233533,0
ts55365,36
tm138672,0
ts119087,69
ts36630,0
ts41995,18
tm245378,0
tm221225,1
ts39017,0
ts11670,0
ts76079,8
tm157283,21
tm211302,0
ts43272,12
tm253080,8
ts36547,21
ts56748,0
tm139194,7
tm139194,0
ts53155,1
tm238748,0
ts42127,1
ts41883,36
tm233544,0
ts42628,0
ts37804,0
ts56674,0
ts35406,7
ts41253,33
ts54110,16
ts77654,0
tm244134,0
ts79799,0
tm233616,0
tm244381,7
ts54028,62
ts38230,35
tm238661,7
tm238661,1
tm238661,0
ts56032,23
tm244915,4
ts128895,12
tm219276,0
ts58068,1
ts37896,1
tm316731,0
ts43230,18
ts76092,21
tm247642,28
tm247642,0
tm240007,0
ts35596,0
tm138792,0
tm244052,0
ts42260,0
tm123789,0
ts86021,8
ts55559,0
ts35359,18
ts35359,8
ts35359,3
tm219173,0
tm208903,0
tm208903,7
tm229542,0
tm211510,0
tm205870,8
ts38512,0
tm238681,0
ts54100,0
ts54100,11
ts35360,7
ts35360,0
tm229140,0
tm266628,0
ts38757,0
ts43119,0
ts53106,12
ts53106,0
tm271070,33
tm271070,8
tm271070,7
ts38805,18
tm214085,0
ts75829,0
ts42075,27
ts42038,0
tm218052,4
tm248010,44
ts51368,0
tm267135,15
ts74753,18
tm246870,0
tm246870,7
tm245235,0
tm235405,7
tm218186,0
tm228242,0
tm244513,8
tm244513,68
ts39014,12
tm232954,0
ts41948,7
ts54156,0
ts36740,0
tm239290,48
tm290444,36
ts41899,36
tm225693,0
tm267429,0
tm272413,0
ts43501,1
tm138584,4
ts56221,33
tm225275,0
ts81483,8
ts35463,0
tm209950,0
tm308241,0
ts38764,8
tm213681,36
tm139870,0
tm239739,4
tm246175,41
ts38761,36
tm195764,0
ts41154,22
ts144323,0
tm233561,1
tm217939,8
tm200454,4
tm266844,0
ts74929,8
tm300713,12
ts38772,36
tm240895,0
ts52943,36
tm275800,13
tm275800,22
ts86831,57
tm276430,63
ts87884,44
tm335263,51
tm224377,48
tm242755,0
ts53076,0
tm241998,4
ts52988,0
tm208628,4
ts41260,36
ts42089,0
tm242646,8
tm242646,22
ts38717,12
ts87465,1
tm242687,40
tm208713,4
tm220317,0
tm421855,0
ts21979,8
tm267948,22
ts42011,7
tm219817,4
tm201365,4
tm281182,0
ts36741,35
ts57705,70
tm233843,4
tm211461,8
tm211461,38
ts42347,0
tm199987,0
tm232710,48
tm244638,0
tm451222,43
tm195870,0
ts83535,35
ts83535,0
ts83535,8
tm221883,7
ts127430,0
tm239635,1
tm198496,0
tm245102,22
tm215054,0
tm271839,0
tm245297,0
tm266629,0
ts42218,23
tm220473,0
tm245148,0
tm274053,0
tm239762,0
tm197503,4
tm201906,8
tm201906,26
ts38769,0
tm233344,4
tm240162,4
tm211478,4
ts41294,57
tm244758,1
tm321189,13
ts41485,27
tm245722,0
ts53543,36
tm282915,12
ts53149,36
ts83224,40
tm232931,0
tm227922,0
ts74917,18
tm272854,4
tm233015,4
tm139590,17
tm242422,8
tm252245,71
tm252245,1
tm193211,27
tm270555,50
tm270555,0
tm236999,22
ts224440,8
ts42155,0
tm233570,48
ts55556,42
tm233023,0
ts41151,12
tm193388,4
tm234466,15
tm376111,0
tm239769,0
ts82582,43
ts43341,12
tm540757,4
tm207668,4
ts54010,36
tm228839,27
tm233366,4
tm230524,15
tm233157,33
tm245042,4
ts55223,18
tm239947,0
tm315345,58
tm239774,0
tm270982,40
tm238829,7
tm238829,0
tm233196,0
tm246056,0
tm311494,11
tm244635,8
tm244635,37
tm227044,4
ts75897,0
tm246579,0
ts81898,18
ts81898,1
ts84398,4
tm244868,72
tm245155,52
ts52825,33
ts54022,12
tm245293,4
tm232832,41
tm232832,25
ts51367,7
tm239933,21
ts53346,0
tm228657,40
tm247644,3
tm212968,0
tm211424,4
ts35505,50
ts78442,0
ts43258,4
tm230927,0
tm244577,33
tm227523,44
ts82327,35
tm230426,0
ts248736,44
tm240728,0
tm283938,61
ts55966,0
tm236705,21
tm244923,27
tm266622,0
tm134052,4
tm246543,73
tm246543,8
ts53065,36
tm272484,0
tm252609,44
tm234064,6
tm234064,3
tm240733,22
tm230478,0
tm267419,0
tm232930,4
tm149212,74
tm149212,41
tm149212,28
tm149212,15
tm149212,8
tm243931,15
tm307997,3
tm235227,0
tm219699,4
ts285233,45
tm234136,50
tm239764,0
tm225675,0
tm244380,48
tm526163,4
ts54117,7
tm244079,21
tm263743,55
tm246485,4
tm267017,41
tm224255,68
tm224255,6
ts38812,0
tm234292,21
tm238717,54
ts38813,1
ts38813,18
ts38813,0
tm271974,3
tm193378,0
tm201855,4
ts21876,33
tm232267,0
tm272012,7
tm217986,4
tm215911,4
tm327551,22
tm327551,28
tm238486,0
tm295349,21
tm233648,7
tm286268,0
tm214589,48
tm811691,1
tm375681,33
tm375681,17
tm316567,12
tm218683,51
tm243070,2
tm247444,4
tm224275,52
tm224275,8
tm224275,67
tm224275,6
tm224275,68
tm224275,24
tm66466,4
tm340927,4
tm219739,48
tm231911,48
tm242002,0
ts81027,36
tm554110,44
tm211273,0
tm860487,0
ts83449,42
tm273933,0
ts83450,42
ts53017,33
tm549892,52
tm317850,44
tm494288,44
tm452046,40
tm207734,0
ts52950,42
tm244842,48
ts83454,42
tm350159,44
tm226320,27
tm279828,48
tm319354,0
tm319354,7
tm319354,12
tm275726,21
tm311456,27
tm350374,75
tm296203,27
tm235232,2
tm234773,1
tm243849,0
tm257141,0
tm234069,27
tm278279,0
tm232947,4
tm232947,1
tm290157,1
tm247396,0
tm246810,4
tm239078,0
tm562821,52
tm282988,3
tm215265,24
tm215265,8
tm215265,3
tm211571,27
tm242906,4
ts253685,45
tm368725,61
tm203056,27
tm233463,27
tm313374,30
tm283909,48
tm235005,7
tm235005,44
tm533845,0
tm267112,8
tm247767,27
tm198842,27
tm232855,48
ts91990,0
tm421214,54
tm424879,12
ts53513,42
tm245050,44
tm247159,76
tm244041,40
tm244041,1
tm407961,44
tm225416,0
ts82475,43
tm198786,48
ts249161,0
ts107658,0
ts107658,12
tm232090,0
tm571645,0
tm350727,52
tm212909,48
tm233121,27
tm272666,48
ts56544,45
tm245791,55
tm271333,48
tm409220,44
tm421382,4
tm234735,4
ts77795,1
ts56683,0
tm312676,7
tm312676,0
ts53864,0
tm239091,7
tm239091,53
tm239091,21
tm239091,22
tm239091,1
tm239091,0
ts55668,3
tm313149,0
tm244208,0
ts81064,0
ts81294,0
ts53023,0
tm244259,8
tm244259,1
tm244259,0
tm310953,0
tm232797,8
tm232797,40
tm232797,1
tm232797,0
ts78801,0
tm366889,0
ts42405,0
tm315174,0
tm315174,1
ts56768,22
ts83970,0
ts79813,0
tm315344,33
tm315344,7
tm315344,0
tm318206,0
ts77398,0
ts81884,1
ts82584,0
ts74816,0
ts75151,0
ts77955,0
ts58133,0
ts58433,0
tm266714,0
tm425889,0
ts42477,3
ts54102,0
ts56261,0
ts84785,0
tm244220,1
ts57465,0
tm367185,0
ts57120,0
ts57850,0
ts74823,0
ts53663,7
ts75097,0
ts79229,0
tm287684,7
tm287684,1
ts55982,7
tm244174,36
tm244174,0
ts76243,1
ts77852,0
ts56969,0
tm288010,1
tm288010,0
ts39015,0
ts81208,0
tm300280,7
tm244364,18
ts58155,7
ts269185,0
ts53198,0
tm359978,36
tm414073,7
tm414073,0
ts84328,18
ts53545,0
ts58367,1
ts55798,36
tm412550,0
tm299741,1
tm239286,0
tm272060,8
tm272060,61
tm272060,1
tm272060,26
tm272060,3
ts241248,0
ts241248,1
tm266666,0
tm288499,0
tm288499,21
tm370212,17
tm370212,62
tm370212,0
tm244191,0
ts72247,0
ts75879,0
tm350379,7
tm350379,8
ts74809,0
ts55720,0
tm350,0
ts312241,0
tm320570,7
tm320570,0
ts52821,1
tm357589,1
tm357589,0
tm357589,8
ts82189,12
tm233482,4
tm233482,33
tm233482,0
tm233482,1
tm320281,0
tm319818,0
tm319818,1
tm414887,0
ts82849,0
ts55781,26
ts55781,8
ts78305,22
ts56648,0
ts42294,0
tm374132,0
tm280828,0
ts54054,0
ts77518,12
ts82526,0
ts57055,0
ts84574,0
tm371380,0
tm244197,77
tm244197,0
tm244197,1
tm244197,33
tm420348,0
ts77563,0
ts76458,56
ts77824,0
ts77197,0
ts78558,0
ts76869,12
ts84280,12
tm435086,7
tm414285,0
tm244206,0
ts79926,1
tm273294,0
tm280060,0
ts76865,12
tm226948,0
ts83999,1
tm371900,1
tm271951,0
tm271951,1
tm244332,0
tm410435,0
ts78430,1
ts82228,12
ts58025,0
ts82597,0
tm362881,12
ts87369,7
tm221953,4
tm227940,18
tm311815,0
ts55645,0
ts81331,0
tm362098,0
ts80856,0
tm317542,0
tm313683,22
tm414220,7
tm414220,0
tm299677,0
tm244325,1
tm244325,3
tm435916,0
tm433228,1
tm244307,0
ts80705,0
ts78080,0
tm346943,0
tm233362,0
ts80035,0
ts82560,64
tm310706,0
tm244233,0
tm317566,0
tm422491,0
tm422491,77
tm449070,1
tm449070,0
tm315340,55
tm307283,18
ts84010,18
tm366567,0
ts55962,0
tm300615,0
ts56480,1
tm243326,0
tm243326,1
ts57424,8
ts56511,22
tm349803,7
tm349803,0
tm323634,0
tm316414,0
ts80523,12
tm434202,1
ts75772,1
ts121489,0
ts77957,0
ts78452,1
ts78356,28
ts86296,1
tm410742,11
tm410742,47
tm410742,8
ts79422,0
ts78298,36
ts88783,12
tm244229,11
tm244229,22
tm244229,8
ts56038,0
ts57439,0
ts53936,27
ts56481,0
tm348993,0
tm348993,62
tm348993,25
tm427308,7
ts85895,35
ts82302,0
tm245176,78
tm245176,1
ts82281,12
ts81344,0
tm240076,0
ts77525,0
tm298084,53
tm423436,0
ts85568,3
ts77474,36
tm368449,0
tm433381,22
tm349278,7
tm363488,0
tm315424,1
tm315424,0
ts57303,0
tm310899,0
tm310899,18
tm310899,1
ts56594,0
ts76313,18
tm417496,0
tm352588,0
ts79660,7
ts79660,1
tm314477,22
ts75263,0
tm368241,0
tm503797,0
tm244175,30
tm244175,1
tm244175,0
tm321224,0
ts90596,0
ts90596,16
ts90596,7
tm416105,0
tm285107,1
tm285107,0
tm319882,1
tm420274,18
tm233294,0
tm320255,79
ts83745,0
ts57814,12
ts85810,52
tm412623,1
ts84904,18
tm374313,1
tm374313,32
ts41527,0
tm411311,1
ts215037,0
tm368040,0
tm368040,1
tm368040,22
tm324155,0
ts84533,0
tm244148,1
tm244148,0
ts55231,0
tm363248,0
ts57082,1
tm420745,0
tm420745,7
tm217228,0
ts79234,0
tm426274,0
tm363103,7
tm139885,66
tm139885,0
tm139885,8
ts84056,22
tm244317,0
tm219259,7
ts86169,0
ts57947,26
ts113109,1
ts56670,0
tm370232,0
tm431347,0
tm211554,1
tm211554,55
tm211554,7
tm211554,33
tm211554,43
tm211554,0
ts75164,0
ts57210,0
tm292837,22
ts81542,7
tm351101,22
tm351101,8
tm328443,36
tm367065,43
tm367065,1
tm367065,0
tm281935,0
ts79157,12
ts57964,0
tm439484,0
ts84930,8
tm306301,0
tm306301,8
tm139545,0
ts83906,0
tm374454,7
ts78382,0
ts80519,0
tm423373,4
tm349800,0
ts77600,0
tm284015,80
tm284015,3
tm284015,8
ts83540,0
ts56201,7
tm289181,0
tm312767,0
tm436470,0
ts55491,0
ts84243,11
ts57822,1
ts79020,1
ts84779,0
tm411415,0
ts83561,27
tm370392,0
tm300184,1
ts58225,0
tm414962,55
ts55581,36
tm370436,64
ts81318,57
ts56718,0
ts89130,22
tm307910,0
ts82218,12
tm321596,0
tm351214,0
tm324870,0
tm406111,0
tm406111,1
ts81918,0
ts85686,64
tm298339,16
tm245937,0
tm464542,4
tm351216,0
ts83360,36
tm298846,0
tm414709,7
tm414709,0
tm414709,3
ts79045,0
tm367250,40
tm411507,0
ts39016,0
ts75749,36
ts76486,36
tm327199,0
tm409766,1
tm409766,0
ts79026,1
ts55194,0
ts82892,1
tm420797,0
tm438502,22
tm411958,0
tm322243,7
tm322243,0
ts75355,11
tm305437,0
ts76417,26
ts57080,0
ts53367,12
tm312577,12
tm413049,33
ts81885,0
ts80617,27
tm346467,0
ts77787,12
ts53101,36
tm299790,0
tm219258,7
tm219258,16
ts85034,0
tm266652,12
ts82372,0
ts83232,59
tm244368,0
ts77799,0
ts86814,0
tm419733,0
tm352774,0
tm406881,0
ts80720,33
tm317110,36
ts78507,0
ts90994,0
tm437608,0
ts85175,79
tm407827,40
tm407827,26
tm326723,0
ts81757,21
tm241990,12
tm285356,0
tm285356,81
ts75157,0
tm324820,8
tm324820,12
ts53693,1
ts85138,0
ts83251,0
ts55348,0
tm330869,0
tm330869,1
ts83763,1
ts86682,0
tm285340,0
ts78217,22
tm270999,0
ts85659,0
ts77034,33
ts224746,13
tm349138,0
tm448122,0
ts58152,22
ts83537,59
ts55939,41
ts85968,77
tm315584,12
tm420334,0
ts75620,36
tm282910,12
ts58175,0
tm425138,12
tm307515,0
tm307515,22
tm244519,0
tm244519,7
tm244519,33
tm347821,0
ts75002,25
ts82770,22
tm298779,12
ts85170,36
tm369179,0
ts81734,33
ts75981,1
ts75477,0
ts83502,8
tm266685,0
tm409618,0
tm347530,0
ts57985,0
ts58297,7
ts80959,4
tm313974,0
ts81821,23
tm359103,12
ts78291,3
tm1883,33
tm1883,0
tm1883,22
ts81414,33
ts76793,0
ts95569,0
ts78231,0
ts321277,0
ts83790,36
ts228255,8
ts90869,0
tm271959,0
tm318200,0
ts78590,15
tm375912,1
tm407775,8
ts236347,12
tm436844,0
tm429163,22
tm308090,0
ts78206,36
tm427465,0
ts131579,26
ts83489,15
tm349529,82
tm349529,0
tm372318,8
ts75341,12
tm299761,22
ts57811,12
ts75286,0
ts57148,0
ts83457,22
tm348003,34
tm348003,0
tm219252,0
tm294581,0
tm290831,0
tm425732,0
ts81526,8
tm413557,12
ts85837,36
tm285295,0
ts88234,1
tm366019,48
tm350607,7
tm350607,0
tm434917,8
ts57464,0
tm368538,8
tm445735,0
tm427293,22
tm353742,0
tm353742,34
tm311898,7
tm311898,0
tm326624,0
tm326624,28
tm326624,1
ts56125,21
ts53399,33
tm443993,22
ts82445,33
ts80411,36
ts55232,12
tm420656,1
tm420656,0
tm441198,0
tm430104,36
ts309731,22
ts309731,11
tm285649,27
tm285649,0
tm313293,0
tm357820,0
ts86949,1
tm440996,0
tm260272,0
ts82375,12
ts82843,0
ts80479,36
ts82268,4
tm446424,7
tm320727,0
ts78246,1
ts90594,0
ts84833,21
ts76603,12
ts87194,18
tm313487,0
tm357479,0
tm357479,34
ts82631,79
tm368310,14
tm368310,3
tm368310,25
ts76753,36
tm440415,0
ts77755,0
ts84646,28
tm300054,22
tm320670,65
tm320670,0
tm320670,8
ts81583,36
tm233360,57
tm443186,0
tm314705,0
tm324124,0
tm417440,22
tm139564,0
ts79997,36
tm327540,7
tm327540,1
tm327540,0
ts82424,0
tm371630,3
ts53166,0
ts76478,36
tm344886,57
tm344886,38
tm344886,0
tm344886,34
tm344886,1
ts85202,0
ts36650,22
tm420989,0
tm270490,0
tm325102,0
tm426202,0
tm313988,0
ts75750,36
tm404690,0
ts77545,0
ts75718,0
tm376903,13
tm376903,37
tm359713,0
ts116101,1
ts57300,0
ts85967,0
ts9075,0
ts80313,0
tm238377,0
tm285171,0
tm363231,12
ts79679,27
ts82298,36
ts84645,0
ts78299,0
tm424032,13
tm424032,22
tm421776,0
ts74962,7
tm322569,0
tm266702,8
tm307776,4
ts77014,27
ts82181,12
tm426569,13
tm426569,22
tm426569,39
tm414447,42
tm311319,17
tm311319,33
ts54050,0
ts80090,12
tm839847,0
tm405849,12
tm405849,33
tm344336,8
ts84799,22
tm406831,12
ts79086,0
tm423761,0
ts82127,12
tm374845,12
ts78053,12
tm311995,36
tm366590,4
tm366590,0
ts78031,59
tm515157,0
tm434727,0
tm361770,0
tm371952,4
tm306811,0
tm306811,18
tm425884,0
tm307612,0
tm366820,0
tm311789,0
tm244300,3
ts85732,0
ts55627,0
tm448479,68
tm448479,72
tm448479,8
tm301024,8
ts80059,1
tm317491,4
ts56933,64
tm327053,15
tm419496,4
ts118696,36
tm410748,0
ts79219,0
tm299764,22
tm299764,21
tm408941,16
ts85183,15
tm444469,48
tm444469,43
ts84135,21
ts86067,0
ts76245,21
tm412273,51
tm365122,0
tm365122,52
tm309903,3
tm309903,28
tm309903,40
tm309903,1
tm362121,40
tm362121,21
ts56033,23
ts56636,36
ts92825,0
ts76509,0
tm321628,18
tm299504,22
ts55978,12
tm346939,0
ts77520,12
tm326704,4
tm365824,4
ts85236,44
tm407295,0
tm357552,0
ts78789,12
tm438995,0
tm404475,0
tm244274,0
ts82867,0
tm376234,22
ts86164,12
ts74959,18
tm314829,0
tm327622,0
ts78913,36
ts84780,23
ts85822,4
tm371959,0
tm313120,0
tm429208,7
tm429208,33
ts76949,7
ts76511,1
tm362180,0
ts53516,0
tm372305,0
tm326773,22
tm407714,8
tm318641,0
tm408306,7
tm233485,0
ts84346,0
ts84346,21
tm363329,7
tm328175,8
ts90880,11
tm344173,0
ts57913,36
tm307843,4
tm441060,0
ts58442,36
ts84772,12
tm370628,0
tm300027,22
ts80030,0
tm406098,25
tm406098,41
tm406098,28
tm406098,40
ts77405,36
tm300056,22
tm355666,0
ts111582,22
tm244292,3
ts85126,0
tm313712,4
ts70631,12
tm359714,0
tm336712,0
tm376015,0
tm348010,0
ts83213,33
tm238587,0
tm238587,3
tm238587,32
tm372662,22
tm438994,0
ts82419,0
tm279585,0
tm270987,7
tm270987,8
tm374216,0
tm362074,62
tm362074,41
tm362074,26
ts86945,0
ts55484,36
ts74805,0
ts80042,7
tm285298,0
ts80466,1
ts89067,12
ts78145,0
tm263427,3
tm263427,22
ts77770,12
tm421335,0
tm428453,33
tm428453,8
tm428453,42
tm428453,0
tm371741,23
ts80600,21
tm295177,22
ts80413,36
tm299783,22
ts83925,13
tm313748,0
ts79585,0
tm444043,7
ts83554,0
tm287041,81
tm327652,0
tm416620,22
tm416620,8
tm354644,22
ts82565,35
tm299730,36
tm331117,26
tm331117,8
tm417317,4
tm359150,26
tm359150,8
tm359150,11
ts79409,12
tm358666,3
tm358666,47
ts53264,36
ts83359,36
ts83071,15
tm300447,0
ts84484,0
ts75012,12
ts80208,22
tm463806,0
tm350887,7
tm289882,48
tm296398,36
tm440946,7
tm361743,12
tm361743,36
tm361743,8
tm408104,1
tm244521,0
tm414676,15
tm321627,18
tm307761,4
tm428073,22
ts83070,0
tm356563,3
tm356563,64
tm356563,1
tm365670,14
tm415875,8
ts82398,0
ts78353,36
tm432838,22
ts84977,0
tm427143,0
ts82296,36
ts79330,1
tm346398,0
tm376840,0
tm367473,8
ts83430,12
tm409942,8
tm300440,8
tm408890,22
tm307950,0
tm375729,33
tm313424,4
tm426117,11
tm244321,21
tm244321,0
tm372610,1
tm409456,4
tm242108,0
ts95011,0
tm242765,18
ts85276,36
tm322210,22
ts77467,12
ts83814,23
tm439854,4
tm340587,4
ts68146,1
tm266705,22
tm372891,0
ts78099,18
ts78099,0
tm315850,0
tm421748,4
tm353046,0
tm418039,0
tm324588,0
tm440678,36
tm995893,24
tm275437,0
ts268283,12
ts89538,22
ts89069,0
ts89069,28
tm426983,50
tm440278,44
tm307774,4
ts78707,0
tm299396,22
ts75676,22
tm366972,36
tm307751,4
tm367008,0
tm437631,0
ts80993,33
tm445899,59
tm445899,0
tm236659,0
tm305112,36
tm353247,4
ts80057,12
ts55936,36
tm477838,83
tm375007,0
tm233484,33
tm355724,0
tm496588,19
ts82085,12
ts81886,0
ts57281,0
ts82875,12
tm363878,4
ts80410,12
ts55533,21
ts57116,18
tm347850,0
ts85250,0
tm411856,0
tm363003,0
tm348386,0
tm349752,0
tm372054,22
tm440255,59
tm372061,4
tm372917,11
tm372917,47
tm372917,84
tm372917,8
tm372917,3
tm411503,0
tm293867,0
ts84597,0
tm420800,8
tm273600,12
tm286532,3
tm320817,4
tm348568,0
tm348392,14
tm348392,1
tm348392,0
tm348392,57
tm348392,11
tm372486,3
tm327708,4
ts78767,11
tm320489,3
tm411467,8
tm307767,4
ts79707,13
ts78692,0
tm432327,4
ts81596,54
ts81596,71
ts81596,52
ts84932,15
ts84038,0
tm352705,1
tm376801,0
tm306631,0
tm370447,22
tm375962,15
ts79856,12
ts84782,0
ts84782,36
ts83045,33
tm414340,0
tm313118,27
tm408871,22
ts83204,1
tm363787,0
tm409817,4
tm409817,8
ts80751,0
tm286520,0
tm244287,4
ts74765,4
tm364206,15
tm411358,0
ts82559,1
ts82559,0
tm283559,59
ts75887,1
ts89372,36
tm363922,85
tm363922,59
tm363922,35
ts81856,15
ts76771,0
ts84335,59
tm373873,0
tm366143,57
tm372969,4
ts93947,18
ts82160,0
ts83247,0
tm405738,22
tm405738,13
ts86994,1
tm319512,22
tm374357,18
tm326089,4
ts80084,12
ts76646,12
ts75138,36
tm445255,4
ts75491,0
tm358609,22
tm409494,0
tm366973,0
tm852185,4
ts80342,48
ts57291,12
tm431760,45
tm295558,37
tm295558,40
tm295558,8
tm434883,1
tm360945,4
tm446206,16
tm446206,7
tm320785,0
tm314939,32
tm345767,22
tm405901,0
tm445456,4
tm322200,22
tm358813,0
tm424888,21
tm323195,0
tm244277,4
tm314295,0
tm314295,40
tm368441,4
tm325433,13
tm325433,22
tm444799,7
tm359030,51
tm233345,0
ts84985,1
tm309115,4
tm358242,0
tm320206,0
ts80671,0
tm358239,0
tm351688,0
tm362264,86
tm463827,8
ts75357,0
ts85217,0
tm421125,2
ts78757,0
tm311283,0
ts82192,15
tm275004,7
tm358949,7
tm358949,0
ts85953,0
tm418870,8
tm418870,26
tm413955,28
tm348073,0
tm359658,55
tm357272,0
ts84167,42
tm408892,11
tm408892,22
tm371619,55
tm371619,45
tm371619,43
tm337040,0
tm361505,7
ts317239,12
ts86279,0
tm417111,14
tm429984,8
tm429984,65
tm429984,7
tm307551,1
ts77219,36
ts103638,0
tm449262,4
ts76159,7
tm412489,8
tm412489,68
tm412489,72
tm412489,26
tm407318,21
tm429382,0
tm321073,4
tm353627,0
ts58480,0
tm411313,59
tm411313,47
tm411313,87
tm411313,11
tm367264,30
tm367264,0
ts79988,12
ts86302,55
ts83710,0
ts55576,0
ts84330,79
tm334949,3
ts222363,36
ts77011,12
ts56251,12
tm365961,0
tm413418,4
ts84644,0
tm370440,0
tm328052,8
tm359975,36
ts95274,8
tm348467,13
tm348467,8
tm326270,0
tm429567,0
tm413129,48
tm444821,11
tm443537,4
tm435487,55
tm422715,4
tm558730,0
tm283322,0
tm356666,0
tm285329,0
tm422359,48
tm357708,36
tm311902,0
tm244310,4
tm247631,27
ts81485,0
tm366025,8
tm428597,0
tm352033,3
tm352033,11
tm323602,8
tm416121,55
tm430281,4
ts80692,12
tm371622,13
tm428483,48
tm456983,4
ts82323,42
tm410298,11
tm410298,8
tm464947,44
tm319310,4
ts85660,36
tm424898,21
tm424898,56
tm351201,27
tm429377,0
tm299771,8
tm324806,0
tm436171,13
tm431928,4
ts82705,7
ts82705,15
tm363088,1
tm375091,0
tm324204,4
tm324204,21
ts84200,0
tm370430,0
tm370430,21
tm443034,22
tm348281,1
ts85618,0
tm445153,4
tm407730,55
tm320249,0
tm374226,0
tm319477,0
ts84179,0
tm518107,44
tm245383,0
tm350971,14
tm443283,0
tm279017,0
tm349656,15
tm349656,28
tm349656,8
tm349656,3
tm349656,59
tm349656,13
tm512751,44
tm353875,15
tm327219,0
tm315865,15
tm369433,4
tm435144,0
tm437159,0
tm414595,0
tm459527,27
tm444564,21
tm446574,32
tm446574,0
tm446574,7
tm356684,22
tm356684,26
tm858471,7
tm430090,88
tm351181,27
tm504329,0
tm504329,44
tm431081,44
tm446987,1
tm375547,22
tm348175,16
tm351720,0
tm351720,26
tm351720,1
tm492277,55
tm461349,0
tm425748,89
tm411257,0
tm403197,6
tm368729,4
tm138667,4
tm314272,15
tm436266,64
tm447750,12
tm432313,4
tm433215,48
tm408781,75
tm429186,22
tm459024,11
tm459024,13
tm411288,44
tm411288,0
ts85515,79
tm481188,44
ts83820,79
tm313472,13
tm430057,50
tm430057,78
tm430057,0
tm316744,0
tm361312,0
ts84372,36
tm407349,15
tm327951,55
tm447261,0
tm321149,15
tm684591,52
tm360618,80
tm197806,0
tm404449,21
tm352865,51
tm412515,13
tm412515,11
tm415938,21
tm364417,59
tm344562,6
tm317274,48
tm444257,4
tm348845,0
tm361588,7
tm434676,0
tm346867,0
ts84341,42
tm319127,4
tm319127,0
ts83663,42
tm416458,21
tm409376,23
ts81857,21
tm430660,45
tm447263,0
ts272185,36
tm421161,0
tm347060,4
tm478147,44
tm478147,25
ts82564,12
tm374656,0
tm430059,48
tm434179,22
tm443073,0
tm445258,51
ts81632,42
tm346334,62
tm346334,1
tm294696,27
ts236619,0
tm332500,48
tm325610,0
tm351505,36
tm423315,14
tm423593,55
tm434126,15
ts87591,0
tm332572,4
tm411508,4
tm439678,13
tm311193,2
tm430426,2
tm418894,21
ts58061,33
ts75320,42
ts119220,0
tm446104,48
tm352951,48
tm354136,21
tm447514,0
tm374395,4
tm376844,21
tm376844,23
tm426238,45
tm346390,0
ts104093,7
ts82887,12
tm369315,4
tm320756,51
ts83407,0
tm345225,4
tm408257,13
tm408257,0
tm371188,55
tm429174,22
tm429174,8
tm362047,0
tm351171,27
tm434776,0
tm444576,0
tm814861,4
tm431214,49
tm363181,4
ts86360,33
tm466084,8
tm413082,0
tm449860,44
tm463592,12
tm463592,1
tm431169,42
tm431169,0
tm835357,21
tm428982,2
tm476959,6
tm458074,15
tm353791,48
tm246330,4
tm426994,4
tm364769,90
tm364769,4
tm442354,4
tm423802,13
tm426367,21
tm312738,4
tm358746,7
tm416341,12
tm368448,22
tm420311,15
tm316658,0
tm325650,18
tm325650,0
tm325650,33
tm424162,42
tm368350,8
tm368350,4
tm368350,43
tm438105,30
tm373864,13
tm323300,0
tm422510,2
tm327619,4
tm407881,8
tm440208,86
tm435333,12
tm367105,23
tm307698,48
tm373134,27
tm352642,6
tm352642,24
tm446558,27
tm336227,32
tm242887,4
tm413266,12
tm413266,0
tm413266,7
tm1063790,91
tm438423,48
tm447328,0
tm376421,12
tm411649,4
tm364525,0
tm328041,92
tm328041,4
tm445852,51
tm479734,7
tm479734,32
tm438005,48
tm436704,0
tm348191,48
tm701033,30
tm469399,4
tm305227,21
tm350116,4
tm361161,1
tm349418,44
tm450512,75
tm415245,45
tm479933,51
tm345960,21
tm417488,2
tm370781,37
tm362878,55
tm358370,4
tm369453,21
tm358188,21
tm442805,27
tm307383,8
tm307383,24
tm307383,47
tm307383,68
tm478701,44
tm414746,21
tm324753,15
tm314138,15
ts81828,0
tm429383,36
ts55735,42
tm244473,40
tm244473,67
tm244473,3
tm478654,0
ts80859,33
tm460198,44
tm369210,23
tm404569,4
tm321563,1
tm321563,28
tm321563,93
tm367613,4
tm350945,55
tm478967,52
tm438250,21
tm438250,13
tm369456,51
tm368284,23
tm376709,0
tm376709,37
tm376709,21
tm316923,55
tm375836,6
tm480647,94
tm450769,4
tm362737,47
ts81827,0
tm452767,51
tm430666,45
tm369079,0
tm416134,13
tm404828,36
tm321035,2
tm441915,0
tm361633,19
ts229123,4
tm368006,0
tm840936,51
tm430459,21
tm440324,23
ts78444,0
tm1146751,86
tm411528,0
ts84555,21
tm153164,4
tm320949,21
tm428877,27
tm314677,21
ts54112,42
tm306680,51
tm430748,4
tm369452,13
tm471288,32
tm444907,4
tm491499,52
tm493814,55
tm404610,0
tm465864,52
ts82591,12
tm433087,45
tm336084,4
tm360763,55
tm370472,51
tm368697,48
ts250172,15
tm420789,4
ts97584,0
tm458186,92
tm430496,0
tm327926,52
tm327926,6
tm327636,0
tm366383,27
tm349134,37
tm285712,0
tm834886,49
tm494577,44
tm426260,55
ts76645,0
ts216746,0
ts89840,0
tm441050,0
tm441050,1
ts87466,12
ts88361,0
ts87248,0
ts90311,12
ts80962,0
ts86497,0
ts254656,0
ts57327,0
ts216679,0
ts237109,21
ts81007,1
tm510203,0
ts86912,0
ts252505,0
ts191559,0
ts89259,0
ts83555,0
ts82915,1
ts82914,0
ts215046,65
ts90234,0
ts88613,1
ts81120,0
ts87953,0
ts235655,0
ts84146,0
tm681578,0
ts221904,0
ts55762,36
tm369594,0
tm244149,0
ts100116,7
ts219101,8
ts87453,0
ts222988,18
ts235758,0
tm496322,0
ts224901,1
tm863808,32
tm863808,1
tm827638,0
ts84633,12
tm460124,1
tm460124,0
ts88379,1
tm824398,22
tm911973,0
ts249891,0
tm849003,0
ts89564,0
tm845489,1
tm403709,1
ts224303,33
tm362198,0
tm362198,7
tm362198,33
tm368699,0
tm828369,95
tm828369,33
tm502532,0
tm417392,0
tm417392,18
ts219660,12
ts57213,0
ts57213,1
ts82913,0
tm414584,0
tm414584,33
ts221200,0
tm817504,0
tm412937,1
tm412937,0
ts237107,0
tm456156,0
tm943790,1
tm239927,1
tm239927,0
ts89210,0
tm919961,7
tm919961,53
tm919961,0
tm427335,0
tm427335,7
tm431321,0
tm417553,0
tm821789,0
tm834851,1
tm834851,0
ts223210,1
ts223548,0
tm827648,0
tm460948,0
ts107724,3
tm847085,0
tm494295,0
tm916405,34
tm916405,0
tm823545,7
ts90448,0
tm244207,0
tm849004,0
ts218802,0
ts287836,26
tm423666,33
tm818266,26
tm818266,96
tm818266,40
ts225651,1
tm813695,0
tm448792,0
tm448792,7
tm1121246,7
tm1121246,1
tm1121246,0
ts222439,36
tm447963,0
ts104401,25
tm832345,59
ts304505,0
ts103702,1
ts88577,0
ts85398,1
ts91039,0
ts257301,7
ts95997,0
tm428856,18
tm983787,0
tm840196,0
ts223530,36
tm455636,0
ts82912,0
tm824331,0
ts84663,0
tm441231,11
tm441231,97
tm441231,0
tm441231,7
tm843444,0
tm832916,0
ts242210,36
ts221016,1
ts221749,12
ts86165,0
ts225522,3
ts116814,26
ts246072,3
tm458553,0
ts218569,0
tm886464,0
ts235672,4
tm417416,0
tm439163,33
tm439163,0
tm439163,18
tm439163,7
tm426428,0
ts84661,0
tm441232,0
ts220751,7
tm450262,26
tm450262,41
tm450262,1
ts83082,0
ts113842,1
tm435520,0
tm443615,1
tm432765,0
ts129445,8
tm456436,7
tm456436,0
ts241486,12
tm470240,0
tm458585,0
tm678022,0
ts237560,0
ts269397,59
tm361746,1
tm361746,0
ts105825,62
tm821143,0
ts113506,1
tm453862,36
tm849022,0
ts89339,0
ts88909,1
ts103133,0
tm358770,0
tm358770,22
ts83491,0
tm420826,0
ts281928,0
tm372066,0
ts223981,0
ts89014,0
ts83657,0
tm499045,18
tm836438,0
ts250997,0
tm444017,0
ts215012,0
tm433462,0
ts103329,12
tm927718,0
ts215683,33
tm548602,0
ts236531,0
tm325325,0
tm845484,0
tm332071,0
ts80709,0
ts256007,41
ts86908,0
ts105441,1
ts227305,0
tm943774,0
ts88469,26
tm824488,18
tm428557,0
tm878333,12
tm893480,0
tm413660,7
tm413660,0
ts284800,1
tm820190,36
tm853953,0
ts88262,1
ts286390,22
ts224907,36
ts161737,0
ts225867,1
ts187541,36
tm464662,0
tm455568,0
ts88283,0
tm471967,0
tm447788,0
ts215341,36
tm361998,8
ts105047,35
tm451078,12
tm414341,7
tm414341,0
ts215691,0
tm450375,4
ts90729,0
tm437221,0
tm845496,0
ts242820,0
ts288350,0
tm449105,3
tm449105,0
tm418847,3
ts89744,3
ts82361,12
tm498803,0
tm819950,1
tm819950,30
tm819950,8
ts250801,21
tm315255,33
tm315255,17
ts223986,0
tm853783,1
ts216522,12
ts82851,0
tm411750,0
ts252758,0
ts84993,0
ts224859,0
tm469991,8
tm877681,0
tm434553,0
ts255427,0
ts269690,0
tm428558,0
tm927037,0
ts88699,7
ts223240,36
tm884511,0
tm285317,0
tm817709,1
tm845512,0
tm824477,33
tm824477,0
tm927480,0
ts88151,41
tm444247,0
tm355783,0
tm449195,0
tm449195,98
tm449195,1
tm925486,0
tm925486,99
tm934040,0
ts225101,36
ts79695,15
tm469193,26
tm469193,8
tm469193,100
ts223404,36
ts89075,36
ts268799,28
ts237499,59
tm420455,0
ts236747,0
tm925584,0
tm914535,0
ts90019,0
tm423140,1
tm348403,1
tm348403,8
ts87364,0
tm878842,0
tm453099,0
tm446176,0
ts250912,0
ts219162,0
tm316311,15
tm316311,8
tm316311,22
tm316311,26
tm375883,22
ts268560,36
ts306090,12
tm974366,0
tm443179,0
tm498034,0
tm446609,0
ts105542,0
ts83107,0
ts251782,0
tm810547,36
tm919864,4
ts88721,0
ts89347,0
ts236091,36
tm827508,0
tm845415,0
ts89747,22
ts81646,0
tm822246,0
ts108392,1
ts236685,22
ts227385,0
tm948128,0
tm948128,47
ts222455,0
ts222455,57
tm828069,16
tm828069,1
tm935309,8
tm935309,96
tm935309,1
ts106536,1
tm458467,0
ts84586,0
ts89251,0
ts90937,18
ts86978,22
tm426638,1
tm426638,16
tm852996,0
ts87471,12
tm464557,0
ts86946,8
ts86726,0
tm554944,1
tm554944,11
tm845437,0
tm463385,0
tm856375,7
tm822907,0
tm952590,0
tm918706,0
tm910040,0
ts243036,0
tm831061,4
ts271247,0
ts255926,0
tm827216,1
tm827216,0
ts76382,0
ts89282,22
tm497383,67
tm497383,79
tm497383,0
tm497383,87
tm475252,4
tm887450,7
ts321758,36
tm898474,8
tm852097,12
tm471878,74
tm471878,0
tm827142,0
ts256309,18
ts219080,41
ts256764,33
ts256764,0
tm828317,1
ts251157,0
tm918734,0
tm918734,1
tm818502,22
ts223308,0
tm926004,0
tm490222,0
tm467579,0
ts215178,0
ts213820,0
ts89326,36
ts223759,0
tm452826,1
tm452826,0
tm928541,0
tm858954,59
tm845549,0
tm845549,1
tm432022,12
ts192440,0
ts225912,3
ts93066,0
tm475783,0
ts219561,0
tm452851,57
tm452851,0
tm452851,8
tm452851,3
ts85480,12
ts89958,36
ts88485,0
ts252856,0
tm465724,0
tm849005,7
ts225787,0
ts254592,0
ts218500,0
tm451512,0
tm451512,1
ts224796,42
ts224796,45
tm369389,0
tm369389,7
tm369389,8
tm369389,22
tm933375,8
ts251420,0
tm471922,8
tm465231,0
tm922788,0
ts87473,12
ts89881,0
ts251654,2
ts237751,48
ts104449,0
tm827501,0
tm936236,56
tm936236,25
ts251067,0
ts225328,1
ts223344,27
ts214861,0
tm120072,0
ts93054,0
tm936396,0
tm676311,0
tm464351,1
tm464351,0
tm493175,1
ts237513,12
ts87986,0
ts252098,1
ts93611,0
ts85619,22
tm283581,4
tm447439,3
tm885775,0
ts100359,0
ts235862,36
ts105608,13
ts93482,0
tm835486,0
ts103360,22
ts236501,22
ts256784,0
tm511940,0
tm837756,21
tm837756,0
tm460829,12
tm853396,0
ts106126,8
tm877456,0
ts190462,0
tm459512,0
ts225430,36
ts218888,12
tm847998,0
ts88352,36
tm931686,0
ts237096,0
ts83810,0
ts83810,8
ts83810,12
tm461366,59
tm467299,0
ts254537,15
ts86413,0
ts252341,0
ts90413,8
ts90413,0
ts275111,0
ts87008,1
tm855600,0
tm503508,1
tm503508,12
tm824165,0
tm425698,4
tm425698,1
tm446625,0
ts254045,0
ts225716,8
ts88312,8
ts88312,0
ts222917,0
tm918701,22
tm850723,12
tm855483,0
ts101408,22
ts189629,13
ts215378,27
tm475836,0
tm524282,0
tm857051,4
ts223126,0
ts90621,4
tm451548,12
ts223077,0
tm469008,0
tm816038,12
ts357033,36
ts236725,0
tm812916,8
ts255880,0
ts113637,22
tm845535,0
tm845535,33
tm845535,1
tm447159,0
tm447159,8
tm447159,41
tm447159,1
tm447159,3
tm447159,28
tm447159,7
ts89119,1
ts251617,0
ts103890,18
tm938793,18
tm897732,26
tm897732,8
ts225460,3
ts225460,50
tm924991,0
tm924991,79
ts277126,57
ts110703,1
ts84129,0
tm893799,26
tm893799,8
ts237104,1
tm430171,0
tm848996,0
tm846964,0
tm902330,1
tm450478,0
ts89583,7
ts238242,23
tm826563,0
tm500565,0
tm887369,0
tm844642,0
tm981451,1
tm981451,0
tm822832,48
tm822832,0
ts236051,22
tm680024,0
tm678851,4
tm935895,11
tm935895,0
tm855535,59
tm893816,0
ts223238,36
ts88296,40
ts86744,36
ts106141,15
tm860965,0
tm371882,33
tm890674,0
ts189422,25
tm447520,0
tm977997,0
ts89028,4
ts187070,0
ts252122,36
ts111206,0
ts90995,21
tm812998,27
ts223192,36
ts254600,0
tm857430,22
ts226588,0
ts242244,12
ts268608,1
ts189405,15
tm452573,0
tm834664,0
ts251028,42
ts103213,32
tm493511,4
ts268508,1
ts92547,27
ts88744,1
tm883441,22
tm847430,12
tm922532,3
ts221293,36
ts217719,0
ts226602,0
ts255104,0
tm885860,18
ts101060,0
ts222367,3
ts86365,12
tm453850,36
ts91124,36
ts222634,15
ts223589,0
tm472195,0
ts317497,22
ts256783,0
tm455059,34
tm455059,0
tm893680,0
tm888080,0
tm854669,0
ts222933,8
ts223982,8
ts89876,0
tm917036,0
ts218277,13
ts315066,8
ts223659,4
ts219422,36
tm458127,0
ts225102,36
ts88336,0
ts102933,22
tm454375,0
tm838687,0
ts224072,0
ts254568,3
tm848995,0
ts105192,18
tm470560,0
ts272134,0
ts219895,0
tm883189,0
tm1127695,22
tm1127695,8
tm469400,0
tm670553,42
tm942240,15
tm942240,21
tm839411,11
ts226468,11
tm823355,0
ts110635,11
ts215718,36
ts87224,23
ts192297,40
ts192297,1
tm857187,0
ts224198,36
tm814671,0
ts87372,12
ts93981,21
ts103209,0
ts218564,0
tm472411,18
tm826368,0
tm824559,0
tm376739,0
ts108593,0
ts223456,0
tm814644,0
tm458326,0
tm449594,8
ts268551,36
ts226617,0
tm454824,35
ts220248,0
ts270439,0
tm885805,0
ts91087,36
ts90645,22
ts236033,0
tm453994,25
tm453994,7
ts220552,8
ts220552,0
ts254737,7
ts104483,4
ts106015,12
ts218803,0
tm458328,4
tm838869,8
tm470836,0
ts225860,25
ts89231,0
tm495609,4
ts225162,0
ts105645,0
tm833638,12
ts288353,15
ts110637,8
tm453903,22
tm461829,0
tm446581,15
tm831873,13
ts90063,33
tm868777,0
tm483997,1
tm838876,0
ts225718,8
ts222609,36
tm819054,26
tm819054,8
ts236388,8
ts216474,11
ts86927,36
tm915043,0
ts187443,22
tm827304,0
tm954303,23
tm954303,22
ts217356,4
ts220983,36
tm917846,32
ts213544,36
ts251061,33
tm467467,0
ts312044,12
ts221174,33
tm467848,12
tm917974,0
tm848443,4
ts223895,36
tm917822,0
ts269501,13
tm889018,37
tm843768,0
tm846166,33
tm846166,3
tm846166,1
tm819107,0
tm886086,0
tm847629,1
ts89048,36
ts88937,32
ts82739,40
ts82739,26
ts251615,0
ts89832,36
ts216493,12
tm375446,25
tm375446,3
tm881859,0
ts217891,0
tm986700,59
tm674099,11
tm434830,7
ts254982,1
tm473601,13
tm475162,7
tm475162,0
ts88841,36
ts104840,3
tm814734,3
tm912373,0
tm916997,0
tm465408,0
tm826473,42
tm932595,0
tm454156,22
ts221365,22
tm889679,0
ts251560,36
tm502151,22
ts223242,36
ts237773,11
ts268099,0
tm927286,1
tm881162,0
tm319139,4
tm461159,7
tm305433,0
ts314529,36
tm980097,11
ts237488,32
tm485801,22
tm485801,74
tm978401,0
ts253722,0
ts268890,36
tm835869,57
tm835869,0
ts114080,8
ts219049,42
ts251512,0
ts90356,12
ts222325,3
ts89291,8
ts225544,0
tm836662,18
ts251618,1
ts85451,22
ts226403,15
ts90902,36
tm464435,0
ts224891,12
ts218176,0
ts222380,15
ts236653,0
ts252166,36
ts245653,21
tm823488,7
tm816992,33
tm816992,17
ts225669,12
ts255809,13
ts237208,0
ts237208,1
ts88271,33
ts256853,33
ts87320,7
tm854278,8
tm467804,4
ts225410,21
tm451502,4
tm884369,7
tm454096,0
tm850454,0
ts251272,0
tm814150,8
ts90980,0
ts185885,3
tm864480,13
tm864480,22
ts227412,1
ts221366,8
tm518467,22
tm518467,26
tm518467,3
ts254293,0
tm844250,4
tm816593,0
ts251119,79
ts237111,13
tm366245,4
tm948100,4
tm857399,0
ts237014,23
tm941382,12
tm571805,0
tm571805,1
tm931330,0
ts351349,0
tm932201,79
tm932201,0
tm494731,0
tm470378,0
tm1081074,0
ts105601,0
ts269844,4
ts101874,23
ts89656,33
tm452962,0
tm452962,8
tm452962,22
ts267956,27
ts217389,4
ts236332,0
tm898169,0
ts85510,0
ts187386,7
tm894619,0
tm894619,7
tm458893,61
tm897170,8
tm449590,0
tm884581,15
ts104168,0
ts221363,3
ts222049,0
tm898262,22
tm898262,8
tm898262,13
tm462611,21
tm844513,15
tm854876,11
ts237071,12
tm987599,0
tm462778,0
tm890660,22
tm421560,26
tm421560,8
tm857397,13
tm472766,15
tm460360,22
tm460360,8
tm973536,0
ts191121,15
ts213232,0
tm462660,79
ts251378,15
ts218890,12
ts268592,51
ts216593,21
ts241460,54
ts88552,13
ts87361,18
ts296153,0
tm946604,50
tm514257,22
tm933826,4
tm835432,22
ts224164,1
tm1147120,0
tm453098,36
ts270465,11
tm886283,40
tm886283,59
tm886283,63
tm886283,1
tm886283,0
ts214192,21
ts250871,0
ts252141,18
ts87488,0
ts222606,36
tm475501,0
tm464888,4
tm880059,0
ts251783,0
tm933639,0
tm675171,0
ts314648,1
ts214579,12
ts270742,36
ts228502,0
tm455410,8
ts214462,23
ts104485,79
ts214280,21
tm450673,0
tm855827,0
tm812781,0
ts88133,33
tm857921,68
tm857921,24
tm494531,22
ts89361,22
ts268758,4
tm912400,1
tm465513,0
tm944331,0
ts236769,0
tm823302,15
tm496648,8
tm430106,85
tm430106,39
tm430106,13
ts225379,36
ts224794,0
ts306187,0
ts236182,0
ts188840,0
ts268648,15
tm817542,12
tm918043,4
tm454861,21
tm450698,8
tm450698,11
ts103935,23
tm889629,0
tm895839,11
ts89696,21
ts190452,22
ts90280,21
tm474548,0
tm946718,7
tm946718,101
ts100354,13
ts88471,15
tm466255,0
tm832903,15
tm450832,8
tm450462,4
tm882887,0
tm882887,13
ts225647,36
ts86928,36
tm847678,12
tm960414,0
ts90640,6
tm945168,2
tm945168,0
tm889200,12
ts84639,12
ts251094,0
ts251094,4
tm466954,0
tm857805,42
ts89315,8
tm848663,4
ts256898,3
tm413558,8
tm413558,65
tm413558,26
tm413558,81
tm827168,12
tm827168,0
ts87698,22
tm679284,0
tm925858,0
tm925858,26
tm925858,22
tm972010,42
tm483420,1
ts91034,4
tm821164,0
tm821164,12
tm514494,3
tm514494,22
ts87489,0
tm825102,0
tm825102,1
ts217045,12
ts235979,42
ts88169,36
ts256297,42
tm932609,11
tm447755,18
tm448767,0
tm462277,4
ts253549,18
ts252661,22
tm814894,22
ts256606,0
tm843276,13
tm949267,13
tm919106,1
tm850862,0
tm494847,4
ts254817,3
ts215166,12
tm931436,7
tm931436,8
tm931436,12
tm931436,1
tm931436,0
tm943718,0
ts251621,0
tm837690,4
tm484989,22
tm879609,7
tm879609,1
tm897418,8
tm863890,3
tm844497,0
tm420181,0
tm847623,0
tm925218,33
tm925218,17
ts188991,22
ts188991,21
ts90511,21
ts237239,23
ts191285,33
tm946360,0
tm858416,4
tm917325,0
tm838954,45
tm675154,4
ts91125,36
tm844662,0
tm918853,0
ts216698,1
tm460815,4
ts90466,17
tm856424,4
tm470252,0
tm919082,1
tm843938,11
ts226410,33
tm455161,4
tm869307,44
tm452440,15
tm849407,3
ts223690,33
tm898759,0
tm831934,44
tm465427,48
tm851346,0
tm834230,22
tm475339,0
tm892081,0
ts78324,0
tm954543,0
tm975398,3
ts113748,0
tm948916,50
tm948916,3
ts222625,33
ts90508,1
ts221041,79
ts223084,42
ts269157,8
tm897771,0
tm910999,21
ts101503,0
tm830833,0
tm819497,3
tm836674,0
ts269740,32
tm373452,4
tm982100,0
ts90789,0
tm945825,0
tm885669,0
tm945435,51
tm474061,0
tm837843,0
tm837843,1
tm837843,3
tm840761,1
tm840761,0
tm856593,0
tm948607,7
tm351938,8
tm351938,26
tm470597,0
tm470597,33
tm426630,4
tm483602,4
tm886214,4
tm919903,8
tm919903,21
tm919903,23
tm835305,0
tm455981,4
tm836638,26
tm836638,8
tm836638,11
ts59542,21
ts105589,0
tm847008,15
tm847008,8
ts222438,12
tm452929,22
tm845532,0
tm818786,22
tm818786,21
tm834715,4
tm830795,79
tm450095,12
tm833382,27
ts222802,33
tm477006,4
ts243256,0
ts250803,1
ts250803,0
tm825952,0
tm863992,22
ts112733,4
ts90095,67
tm466832,12
tm871330,0
tm458418,36
tm817087,11
tm461827,22
tm947555,0
tm372035,8
ts250920,0
tm819016,23
tm838765,0
tm818588,21
ts112667,0
tm845850,21
tm845850,0
ts104507,42
tm884616,37
tm931158,0
ts223062,79
tm898180,1
tm677746,8
tm677746,4
tm677746,68
tm452867,36
ts222803,13
ts222803,14
tm458721,0
tm492043,4
tm881891,0
tm929630,0
tm935993,42
tm901947,42
ts88821,33
ts89336,0
ts250800,15
ts223078,0
tm843944,21
tm850730,22
ts87680,21
ts89331,12
tm976632,4
tm857873,4
tm890591,14
tm921416,4
ts87599,33
tm849937,102
tm861718,1
tm937044,8
ts252318,0
tm442199,33
tm455197,4
tm840224,0
tm459329,4
tm453727,0
tm818154,0
ts225539,36
ts89330,12
tm832843,0
tm919210,4
tm851912,4
tm941531,11
tm938466,40
ts251616,3
tm977478,0
tm912190,4
tm873159,33
tm957567,3
tm468200,4
ts222835,3
ts236197,7
tm893874,4
tm931701,44
tm827640,0
tm908529,21
tm817284,55
tm979689,0
ts268997,42
tm975765,15
tm977782,7
tm429172,22
tm849131,1
tm854749,11
ts223098,15
ts221851,36
tm929600,15
ts222599,0
tm977952,59
tm824560,44
tm920320,3
tm920320,28
tm920320,2
tm466426,0
tm853910,21
tm898699,0
tm854682,21
tm828326,0
tm835512,0
tm841239,0
ts189314,0
ts233367,22
tm446480,55
tm423624,4
ts214463,0
ts89679,42
tm889390,0
tm912327,36
tm852662,11
tm452996,0
ts88146,0
tm889647,0
ts266898,15
tm1079495,18
ts89363,36
tm885845,0
tm851860,21
tm943771,0
tm943771,16
tm462551,22
tm840723,4
tm898773,4
ts222942,0
tm908777,15
tm1028083,7
tm938227,0
tm937265,21
tm917999,0
tm832684,0
tm463038,22
ts213071,79
tm845117,0
tm822596,3
tm837648,8
tm844208,22
tm824858,48
ts222838,0
tm944631,21
tm843958,0
ts225377,103
tm511991,4
ts266966,49
tm1149814,32
ts235689,42
ts235689,33
tm846941,0
tm474862,0
tm849323,4
tm425944,8
tm425944,40
tm425944,43
tm469432,18
tm469432,1
tm501222,22
ts251072,79
tm428506,4
tm957903,0
tm923612,12
tm838705,0
ts252015,0
tm946277,4
tm884531,3
tm973335,4
tm847212,4
tm234980,42
tm910612,26
tm850382,4
tm464509,4
tm820116,8
tm856945,7
tm859143,4
tm1096875,0
tm918960,7
ts89340,21
ts103574,100
ts218367,13
tm840216,0
tm821662,4
tm540277,39
tm810642,4
tm984018,0
tm946801,15
ts221891,21
tm950808,4
tm847630,11
ts89531,2
tm946927,0
tm883113,26
tm883113,8
ts218504,7
tm431769,3
tm431769,4
tm431769,50
tm849251,13
ts237487,0
tm878995,0
tm856545,13
tm462037,37
tm851499,4
tm927033,7
tm849102,4
tm810836,4
tm954606,3
tm431810,1
tm469966,38
tm469966,8
tm469966,68
tm818239,4
ts222980,0
ts221151,0
tm468724,0
tm468724,33
tm469510,4
tm845607,0
tm926528,4
tm1013697,44
tm854454,4
ts269085,37
ts269073,4
tm473813,4
tm1226722,24
tm1226722,48
tm863611,4
tm998899,91
tm826875,8
ts258169,0
tm845370,21
tm845370,0
ts92405,4
tm452900,37
tm918962,7
tm908128,4
tm1026231,12
ts223110,0
tm882606,4
tm473647,0
tm452574,0
tm840242,0
ts88608,4
tm115973,4
ts234501,0
tm869373,12
tm843143,55
ts237304,0
ts253288,0
tm848444,54
ts89895,0
tm823350,15
tm431349,4
tm881984,4
tm451852,55
tm842829,48
tm451584,55
tm935388,4
tm907704,0
tm452237,0
tm456074,0
tm894241,4
ts224906,33
tm887052,0
tm458363,0
tm845942,0
tm824324,2
tm831196,4
tm819841,48
tm841410,0
ts262037,36
tm845588,0
ts255867,36
tm834653,2
tm834653,54
tm894858,49
tm971431,62
tm465984,22
tm465984,33
tm863280,45
ts225708,54
tm866782,27
tm810423,0
tm918373,0
tm457410,27
tm940566,4
tm825210,15
tm460259,37
tm460259,13
tm460259,7
tm896246,0
ts217553,17
tm925785,21
tm454464,33
tm484173,4
tm919920,4
ts269283,4
tm405637,2
tm478962,4
tm813634,4
ts89182,42
tm828318,4
tm455715,55
tm977184,0
tm474695,22
tm845616,79
tm826677,79
ts234505,8
ts224261,3
tm1000551,44
tm943808,13
tm975616,15
tm373471,4
tm936519,2
tm946795,44
tm813936,0
ts88166,21
tm918258,13
tm918258,23
tm1047951,44
tm493556,4
tm882875,12
ts221472,2
tm460411,27
tm816432,4
tm1020701,21
tm839479,48
tm828570,4
tm835445,0
tm435327,55
tm435836,4
tm983091,0
tm674135,27
tm938434,45
tm475638,15
ts213611,79
tm980358,0
tm483511,4
ts101042,21
ts269280,32
ts255418,51
tm830151,55
tm1026240,12
tm885938,15
ts225513,15
tm838007,4
tm845552,0
ts237556,23
tm810357,7
tm1062350,32
tm457296,0
tm982569,0
tm840208,1
tm840236,55
tm844978,104
tm844978,39
tm885364,21
ts45322,33
tm849599,13
ts257243,0
tm981475,22
tm882700,22
ts89740,17
tm945831,0
ts256134,0
tm862830,32
tm915354,42
tm881575,0
tm881575,22
ts218000,6
tm848261,4
tm454431,17
tm890479,0
tm982018,0
tm813231,44
tm835414,4
tm823459,0
tm832463,4
ts252695,0
tm836449,12
tm832844,1
tm898322,44
tm925702,43
tm887376,0
tm887376,8
tm887376,12
tm472999,4
tm859424,105
tm859424,3
tm859424,24
tm863879,4
tm925186,32
tm925186,106
tm852728,55
ts283159,17
tm846630,55
tm918959,0
tm881973,7
ts90648,49
tm813929,44
tm475815,4
tm683841,17
tm683841,48
tm474647,12
tm854786,4
ts222901,42
tm973704,4
ts250872,0
ts90568,79
tm1036794,55
tm844201,0
tm437379,21
tm437379,0
tm847805,4
tm814652,4
tm920599,7
tm813938,0
tm461532,27
tm820338,42
tm844236,7
tm822502,15
tm989205,13
ts218307,0
tm839761,48
tm468651,32
tm834121,21
tm834121,0
tm474618,21
tm474618,0
tm474496,37
tm677904,44
tm476708,27
tm949905,4
ts223121,79
tm477403,4
tm935941,1
tm863514,4
tm922943,18
tm439365,4
tm927926,21
tm944561,4
tm818499,43
tm818499,45
tm476922,6
tm822272,55
tm466854,4
tm845594,4
tm1088545,44
tm530822,0
tm463217,4
tm467116,41
tm467116,0
tm879556,0
tm838022,4
tm468811,4
tm812593,23
tm814953,55
tm853091,2
tm846354,55
tm373655,4
tm896976,0
tm981956,0
tm842869,8
tm918894,8
tm823848,2
tm831125,0
tm843222,12
tm675214,44
tm852775,4
tm822167,48
tm461427,4
tm464212,8
tm1041549,44
tm471802,4
tm837802,15
tm849871,23
tm825934,0
tm825934,7
tm866495,55
tm813423,6
tm813423,0
tm813423,40
tm813423,7
tm922407,4
tm461726,0
tm843345,36
tm843345,0
tm901961,3
tm483103,2
tm924556,4
tm976168,18
tm451269,48
tm840152,40
tm840152,24
tm840152,0
tm840152,6
tm1080109,44
tm813075,0
tm893510,4
tm475254,92
ts251929,0
tm938186,32
tm852060,13
tm942492,0
tm942492,7
tm888850,12
tm882222,52
ts223115,79
tm824855,48
tm849565,55
tm851862,21
tm944307,27
tm510525,4
tm835958,7
tm852207,28
tm852207,6
tm852207,1
tm883070,41
ts230973,12
tm679270,4
ts255823,48
tm837042,12
tm435295,55
tm678035,52
tm507191,42
ts236850,6
tm430120,39
tm430120,21
tm430120,22
tm981770,23
tm1000166,55
tm929614,8
tm474405,48
tm474405,12
tm454338,48
tm941493,7
tm885948,4
ts235916,4
tm1068745,44
tm912399,8
tm834608,39
tm925490,33
tm925490,12
tm925490,0
tm476496,4
tm947446,48
tm456894,0
tm976519,0
tm1005937,44
tm860204,76
tm833555,36
tm822271,55
tm826983,48
ts215862,0
tm1073298,44
tm902363,13
tm816983,49
tm461907,4
tm456271,6
ts103918,23
tm979073,55
tm1031016,44
tm918704,107
tm470687,23
tm1114639,4
tm854261,27
tm464284,17
tm460149,55
tm878492,44
tm815438,2
tm472231,55
tm472961,0
tm902993,0
tm462809,55
tm916008,8
ts90643,49
tm836077,23
ts304136,36
tm811954,4
tm856372,54
tm842976,13
tm426634,6
tm426634,68
tm426634,71
tm426634,8
ts223454,79
tm452578,0
tm1028068,55
tm921230,55
tm450129,48
tm810873,4
tm824566,24
tm824566,28
tm824566,6
tm981675,0
tm460199,4
tm463814,11
ts224956,103
tm1080445,0
tm1080445,30
ts252861,0
tm463762,4
tm305129,0
tm852360,0
tm1170388,0
tm1170388,1
tm1126268,0
tm1020438,0
ts271450,0
ts277084,1
tm1067148,0
tm1226954,0
ts356995,0
ts269395,0
ts353844,0
tm1143265,42
tm957290,0
ts357030,0
ts306335,0
tm1043537,1
tm1043537,0
ts215951,0
ts108385,0
tm928497,22
ts308317,1
ts264270,1
ts264270,0
ts222333,0
ts220305,36
ts271437,36
tm1082564,0
ts217231,1
ts344162,36
ts225061,0
ts223537,0
tm856378,0
tm674063,1
tm674063,18
tm674063,7
tm674063,93
tm674063,64
ts356887,0
ts328671,12
ts288808,22
ts319426,1
tm1072066,25
ts255888,0
tm1221677,0
ts306526,59
ts311101,3
ts241363,22
tm1044289,18
ts312082,36
ts90093,0
ts307973,0
ts270910,0
tm1080083,93
tm1080083,1
tm1080083,0
ts296291,12
ts87242,0
ts302437,0
tm979026,0
ts353837,0
ts256072,0
tm404856,0
ts317746,36
ts354073,0
ts256710,0
ts281927,1
ts298766,0
ts225855,36
ts342732,0
ts255037,0
tm1232830,0
tm1229846,3
tm1229846,8
tm1201262,11
tm852172,40
tm852172,0
tm937814,50
tm937814,1
tm937814,0
ts320073,1
tm370144,0
ts293103,23
ts345200,28
ts222522,12
ts237713,0
tm825714,0
tm996762,4
ts102086,1
ts357930,4
tm1196288,0
ts284297,0
ts296046,8
tm1083293,0
ts346959,0
ts287722,0
tm1165462,0
ts240453,41
ts294227,0
tm946869,0
tm986168,0
tm1019177,47
tm1019177,3
ts256310,0
tm1209228,0
ts311985,0
tm1120543,0
ts328051,0
ts357137,22
ts310081,26
ts269096,36
tm991529,11
ts355168,1
ts330198,1
tm1231785,3
tm1092864,1
tm1092864,0
tm1092864,3
ts311987,0
ts85985,0
ts237722,0
ts251675,36
tm1235785,0
tm1014947,28
tm1014947,62
tm1075698,0
ts252119,57
ts292696,22
tm1195971,0
ts234817,0
ts227473,0
tm1117040,4
ts269179,0
tm1204402,1
tm1001097,0
tm525645,0
ts289334,0
tm1022953,0
tm1038686,0
tm1180524,27
ts310057,0
ts328625,0
tm501313,8
tm501313,3
tm501313,0
tm1137051,12
tm471968,0
tm471968,7
tm471968,1
tm1111987,1
ts300391,0
ts300391,18
ts273436,0
ts281225,22
tm1048362,3
tm1048362,0
ts349630,0
ts286731,12
ts232107,36
ts296472,28
ts88578,0
tm1165983,1
tm1198242,0
tm1196705,0
tm1196705,18
tm456513,0
tm1138477,0
tm1166288,7
tm1064065,41
tm1119272,0
ts343430,8
tm851128,8
tm1137119,57
tm1166024,1
tm1046932,0
tm1046932,12
tm1046932,79
tm992844,1
ts225645,0
ts282131,1
ts356951,79
tm1033470,0
tm824160,0
tm1064228,7
tm1064228,0
ts95572,1
tm1185367,0
ts311989,0
ts307649,0
ts305788,8
ts305788,3
tm983784,64
ts321918,0
tm993838,18
ts328194,36
tm983723,1
tm983723,0
tm855839,28
tm1108321,0
tm1092958,61
tm1092958,0
ts296743,22
ts296743,108
ts108042,21
tm1046264,22
ts329699,0
tm1150385,1
tm1138743,0
ts283080,21
tm1227918,11
ts287976,41
ts225657,0
tm347095,8
tm347095,0
ts229335,41
tm1087461,41
tm1087461,1
tm1046026,25
tm416779,0
ts287559,0
tm1191224,59
ts301625,59
tm1075215,0
tm1094217,26
tm1094217,8
ts287438,22
tm1199146,28
tm1141439,0
tm1018747,22
tm949309,43
tm949309,0
tm949309,4
ts343432,27
ts287352,57
ts328605,27
ts328541,1
tm1110527,40
tm1022103,22
tm1046627,7
ts314135,0
tm1185360,0
ts321298,36
tm1120855,0
tm861000,7
tm861000,1
tm861000,0
tm1021871,0
tm841797,0
ts309930,36
ts271888,0
tm1020851,18
tm1020851,0
ts219423,0
tm1003630,8
tm1003630,0
ts255779,0
ts314164,36
tm1229690,32
ts299865,0
tm1000147,1
ts321513,36
ts273229,22
ts300325,3
ts300325,18
tm1180610,13
ts330425,0
tm1185374,0
tm992260,0
tm1166046,4
ts271413,0
tm1079334,0
tm1079334,40
ts296214,0
ts330347,59
tm1227853,4
ts94677,0
tm1210970,3
tm413169,18
tm413169,0
ts302053,36
ts225690,12
ts279892,0
tm1151272,4
tm981945,1
tm981945,7
ts344184,0
ts314594,0
ts1475,28
tm919880,1
tm919880,0
ts189612,83
tm833216,0
tm314863,0
ts330402,0
ts281062,25
ts312071,12
ts302363,36
ts308845,3
tm841825,16
tm841825,0
tm841825,7
ts304310,42
tm1159163,0
tm1164962,26
tm1164962,8
ts253813,74
tm1027081,1
tm1027081,3
ts272980,1
tm922706,0
tm1003034,0
tm1003034,59
tm1003034,36
tm857461,4
tm1217459,4
ts294338,0
ts294338,1
tm976166,0
tm1141594,0
ts296825,8
ts284702,0
tm458292,36
tm459789,0
ts271595,0
tm1179973,1
ts269881,12
tm1134087,0
ts343599,1
tm1063652,0
tm1002815,7
tm1002815,0
tm1107225,22
tm1049265,59
ts340376,23
ts310938,47
ts329700,0
ts349921,0
ts270405,0
tm1166020,8
ts192196,0
tm897466,65
tm897466,8
tm1093099,0
tm1207094,0
ts297247,0
tm465421,36
ts271604,12
ts341767,12
ts288744,36
tm1038327,11
tm1038327,15
tm922429,0
ts273485,12
tm1020820,1
tm1020820,0
ts290643,12
tm1234767,0
ts313689,36
tm993670,0
tm1198388,36
ts313646,42
tm1038363,0
tm1048678,0
tm1073510,1
tm1073510,53
tm1073510,40
tm1073510,47
ts271867,36
tm1158704,0
tm863351,0
tm1020073,0
ts288087,1
tm1121707,8
ts314742,0
tm1038344,0
ts333834,0
ts237972,62
ts262246,1
tm1080252,15
ts313668,11
tm1028298,0
ts288489,12
tm977704,1
tm813078,15
tm813078,3
tm813078,68
tm813078,21
tm813078,0
tm813078,47
tm813078,13
tm1150872,0
tm1195561,4
ts329854,36
ts104499,48
ts321966,1
tm1180123,1
tm1141923,0
tm673809,3
tm1110150,0
ts315611,0
ts315611,15
tm858869,3
tm858869,0
ts297483,36
tm1165219,0
tm1132176,1
ts269676,0
ts304058,8
tm898614,0
ts273100,0
tm1086874,4
ts222864,33
ts265991,22
ts256311,12
tm1018890,0
tm996676,4
ts331680,0
tm1210379,32
tm1188818,4
ts244930,0
tm888243,0
tm1018427,0
ts305264,0
tm434625,0
tm434625,33
tm1185687,32
tm1221280,4
tm1038369,0
tm863823,0
tm912100,1
tm912100,0
tm999817,33
tm1131061,7
tm1131061,1
ts312984,36
ts352579,27
ts311791,36
ts304053,0
tm1096775,0
tm1066826,0
tm1161601,55
ts271025,0
tm1108648,22
ts287532,0
ts329885,8
tm1074764,3
ts291718,0
ts271321,36
ts319412,36
tm999927,21
ts287294,0
ts311915,21
tm1082314,0
ts307925,8
tm1044275,11
ts272463,0
tm1106212,55
ts313781,27
tm1087956,0
ts246073,3
tm1019885,4
ts321614,0
ts250092,12
ts303513,37
tm1201670,0
ts344043,36
ts317078,12
tm1219831,0
ts315041,36
ts289620,4
tm1042481,7
ts343492,12
tm1030071,4
tm1167440,40
tm1195032,4
ts297846,11
ts220196,0
tm1177856,22
tm1177856,14
tm1005109,36
tm1144897,27
ts319333,0
tm1107063,36
ts272366,0
ts268102,36
ts220553,1
ts301915,36
ts288195,15
tm1198745,7
tm1198745,0
tm1003261,0
tm1120902,3
ts317297,12
tm998188,22
ts331439,0
ts317522,3
tm1047503,0
ts29800,0
tm1018418,0
ts347762,28
ts296563,33
tm1138870,4
tm1207099,0
tm166973,0
ts320502,0
ts286317,0
ts301999,59
tm1104532,0
ts271593,0
tm1020326,0
ts327074,0
tm1228963,4
tm1213009,4
tm1040671,11
tm1087932,3
tm983668,26
tm983668,1
tm983668,3
ts241854,12
tm921206,32
tm921206,1
tm921206,0
ts268835,36
ts305263,0
tm319224,0
ts301914,36
tm1087160,37
tm1087160,14
tm1045741,21
tm1045741,0
tm855641,3
ts308689,40
ts272939,0
ts343251,36
tm473502,4
tm855075,12
tm1187913,22
ts349845,25
tm1134006,1
tm1134006,0
tm881587,55
ts349842,8
tm816591,59
tm810504,36
tm983270,0
ts317422,0
tm982887,0
tm984155,0
tm984204,0
ts287328,0
ts302489,0
ts304468,36
ts108621,22
ts307745,22
tm863919,7
tm863919,33
tm863919,0
tm974195,12
tm858000,12
ts269493,0
tm1218547,15
ts287703,36
ts310376,0
ts317612,12
ts282291,11
tm860261,0
ts258415,28
tm1052498,0
tm1150256,0
ts310335,22
ts301196,1
ts250998,40
tm1102868,59
ts320426,0
tm1223736,7
ts343427,0
ts243780,43
ts243780,0
ts288005,36
tm872108,0
ts246178,12
ts283676,0
tm1143898,4
ts215989,41
tm1110389,7
tm1031976,4
ts308511,15
tm362072,7
tm362072,0
tm1120509,0
ts320075,4
ts280892,11
tm1091155,0
ts260477,25
ts254928,36
tm1219931,59
tm991351,1
ts223450,36
ts257504,22
tm1102891,27
ts308039,3
tm998858,0
tm894254,18
tm894254,0
tm983658,0
ts312200,22
ts346500,1
ts302312,22
ts317720,0
tm1003353,0
tm817075,59
tm1137862,11
tm834847,32
tm876997,4
tm1096769,0
ts255486,12
tm1092995,1
ts312094,12
tm1166015,11
tm880822,12
tm1160424,79
ts258358,27
tm1039147,0
ts283528,7
ts276067,15
tm1215536,0
ts320335,15
ts286632,18
ts320302,15
ts320302,0
tm833467,4
tm1185388,11
tm998726,8
ts257873,18
tm1077201,26
tm1077201,8
tm1203307,40
tm945448,8
ts296129,22
ts331681,0
tm1176905,2
ts320872,3
tm1106806,1
tm1106806,0
ts328317,11
ts296179,21
ts275448,36
ts269286,22
ts306322,41
tm1119136,79
ts104362,0
tm1043290,22
ts345976,0
tm810494,36
tm1029256,26
tm1029256,40
ts283610,4
tm1144693,23
tm1000619,4
ts309676,0
ts280693,0
ts285469,0
tm675820,1
ts354329,0
ts287802,32
ts257315,0
ts299321,0
tm1185506,59
tm1083068,59
tm879685,22
tm466544,4
ts315551,22
ts317144,0
ts325756,43
ts260502,74
ts320557,22
ts296081,8
tm448707,4
ts296069,22
tm1111717,0
tm1111920,3
ts287149,0
tm950444,0
tm950444,4
ts239188,50
ts239188,3
ts297685,79
ts308002,21
tm1092892,33
tm1092892,0
ts271517,0
ts257271,22
tm1108010,8
ts296059,22
ts306068,11
ts346007,0
tm1098514,42
tm1108621,11
ts317526,0
ts216407,0
ts306510,36
tm1127479,4
tm433048,0
ts321254,4
ts270798,36
tm972519,11
tm1003725,1
tm1003725,0
ts284862,1
tm1036270,32
ts302056,0
ts287838,36
ts273318,0
ts318024,0
tm876608,22
tm1000797,12
ts331449,15
tm858287,4
tm990835,4
ts283639,4
ts296091,22
ts271720,12
ts289364,0
tm993435,64
tm1191860,0
tm1064532,79
tm1047190,0
tm1047190,1
ts292446,4
ts315549,22
ts288997,0
tm1030495,22
ts282133,8
ts289261,0
tm1002869,1
tm1002869,11
ts287045,27
tm1001267,35
tm1001267,0
ts258321,0
ts342479,7
ts300274,0
ts271726,0
tm1218702,27
tm1041543,0
ts257817,4
ts310628,18
tm1142517,0
ts300456,0
tm1146393,13
ts302714,13
tm1065041,12
ts288545,0
ts299485,22
ts299485,0
tm1132325,4
ts301609,15
tm1038355,8
tm890013,15
tm1182144,22
tm1102226,11
tm1000037,30
tm1000037,3
ts297065,0
tm1084481,0
ts285724,6
ts288065,0
tm963182,0
tm1114205,44
ts272515,8
ts343404,4
tm1073802,4
tm1129394,0
tm949382,4
tm1129217,21
tm1000599,15
ts257345,27
tm1188819,3
tm1049155,56
ts291150,26
ts320183,36
ts315144,0
ts309235,8
ts90023,67
ts346034,0
ts346034,44
tm1002408,3
ts226392,59
tm1187638,0
ts287941,36
tm1001108,0
ts320407,12
ts288540,4
tm475430,33
tm1125844,79
tm1130995,0
ts356275,0
tm980657,42
tm980657,33
ts311887,36
ts273461,33
ts235563,21
tm993790,21
tm993790,0
ts288472,36
tm919869,8
tm919869,3
tm1022912,4
ts292662,0
ts330012,4
ts282155,11
ts188861,0
tm454879,35
ts279953,36
tm421437,40
tm1025318,4
ts316965,0
ts270807,36
ts302058,21
tm1022893,64
tm1022893,17
ts321437,12
tm1080406,0
tm1001095,4
ts345779,0
ts282214,79
ts329711,38
ts329711,54
ts329711,72
ts329711,2
ts329711,6
ts14520,0
tm985550,22
tm992279,15
ts326029,23
tm998033,4
tm1178876,25
tm1115800,0
ts330132,22
tm975741,33
tm975741,1
tm1120937,0
tm859256,4
ts297763,0
ts61384,0
ts321084,11
tm989672,0
tm1024062,4
ts297031,0
tm1198504,12
tm1143258,4
ts272092,0
tm1077013,1
tm1031186,22
ts287741,0
ts288832,0
tm1082359,1
tm1040688,105
tm985712,0
ts301964,0
tm1027712,18
tm1102151,12
tm1065788,27
ts296201,15
ts297058,23
tm1162608,21
tm979182,41
ts282840,0
ts268220,3
ts268103,36
ts352881,11
tm1070032,3
ts328617,15
tm1152224,27
ts72196,0
ts307981,0
tm1074621,0
ts188367,4
tm990983,27
tm1094069,8
tm1037704,0
tm902870,0
tm1165118,27
tm948681,22
ts331654,21
ts283614,21
tm960430,12
tm954297,15
ts319460,1
tm997608,22
ts287853,26
ts287853,65
tm950360,33
ts288064,21
ts305890,21
ts304690,79
tm1107912,42
tm813372,4
tm1001619,42
tm1025493,4
tm1087383,41
tm1147890,11
tm983722,59
tm886188,11
tm1101878,0
tm1183542,4
ts229537,0
tm960145,8
ts267062,32
ts254956,36
tm810657,4
tm876083,22
ts305732,0
ts313902,3
tm1102856,3
ts302653,42
tm462311,26
tm462311,3
tm855340,4
ts326955,4
tm1000185,59
tm1030283,0
tm1040337,11
ts306188,7
tm1039422,1
ts308516,32
ts329882,22
tm1006127,0
ts317064,22
tm1196455,13
tm990972,11
ts232506,27
tm1074622,0
ts330289,15
tm1063013,41
tm1063013,61
tm996040,11
tm945283,17
tm1075596,0
ts311958,36
tm979688,12
tm1033803,4
ts302570,15
tm1038096,15
ts285854,6
ts343426,32
ts343426,0
tm1031448,0
tm1039168,4
tm1164320,0
tm904862,40
tm926580,12
tm1017664,11
tm977620,12
tm1118822,0
tm1185568,23
ts310331,0
tm1110205,21
tm1119455,0
ts293346,0
tm1172947,4
ts285422,2
tm942277,0
tm942277,57
tm856634,1
tm856634,4
ts304709,0
tm1031499,15
tm1143058,59
tm1152323,0
tm963023,4
tm1166429,15
tm1068692,15
tm983466,0
tm1003376,15
tm872496,59
tm1027297,17
tm1000296,33
tm861018,36
tm1037519,7
tm1063034,0
ts272669,0
tm859005,13
tm1147172,0
tm1028026,4
tm1106551,8
ts273275,0
tm867681,4
tm1173806,4
ts286218,33
tm960924,4
tm1127511,48
ts289757,4
tm1204317,27
tm1040832,48
tm1037687,41
tm981676,15
tm1165244,59
tm1111595,0
tm1089593,44
tm1150800,7
tm1150800,32
tm989502,36
tm1088320,1
tm1038857,1
tm1038857,0
tm1011188,40
tm1023388,8
tm1049290,59
tm1159301,0
ts273245,0
tm1049083,48
tm1030241,4
tm1073555,4
tm1044137,0
tm1116525,15
tm1019865,4
tm990740,0
tm1041329,2
tm1013111,22
tm1027639,4
ts314962,11
ts357345,0
tm869475,4
tm1179579,27
tm1040733,0
tm1080114,0
tm983730,0
tm1067260,4
tm1082515,0
ts297132,42
ts330422,0
tm1142245,4
tm1109843,4
ts296581,0
ts322267,15
tm1092075,40
tm1092309,12
tm886193,4
ts272422,0
tm1124066,21
tm1171107,1
tm1171107,0
tm1104252,0
ts308053,0
tm1038364,79
tm1022280,4
ts316882,21
tm998238,2
tm1064988,17
tm1119172,18
tm1119172,0
tm1095880,0
tm1118234,8
ts286386,0
tm1036542,53
tm1036542,7
ts319303,12
tm1119015,12
tm998678,4
tm1106900,55
ts285470,0
tm1024535,76
tm958688,27
tm1039571,0
tm1054462,59
tm1043655,44
tm1161223,16
tm1161223,1
ts282876,22
ts288544,12
tm1111616,59
tm1091284,4
tm1172600,22
ts322506,0
tm1068632,59
ts285874,22
tm1045603,21
tm1179176,11
tm1032950,7
tm1033369,55
ts307816,36
tm1114350,55
tm996996,8
tm996010,11
tm1141663,27
tm1120212,2
tm997617,48
tm1036797,4
tm1027177,4
tm1029279,0
ts289982,79
tm988879,8
ts297061,54
tm1033635,0
tm1115392,4
ts317709,59
tm1076198,11
ts269300,36
tm1064193,21
ts283284,4
tm1120636,0
tm1029314,27
tm1130275,0
tm1150727,4
tm1111559,21
tm1015884,32
tm1146635,12
tm1121098,48
tm1023438,2
tm1119331,8
ts274575,0
tm965758,27
ts284885,2
tm1120766,8
tm1120766,26
tm1091823,4
ts341760,18
tm1068777,21
tm988801,55
tm1160938,12
tm998544,48
tm1109080,4
tm1004011,4
tm1131895,48
ts317423,22
tm1098060,44
tm1042277,0
tm1018592,55
ts346656,0
tm863829,55
ts297729,55
tm1068720,44
tm1106888,27
tm1045883,32
tm1147041,44
ts285471,0
ts325991,32
tm1045018,44
tm1045018,7
tm987730,4
tm1019084,7
tm1019084,0
tm1094060,0
ts287804,23
tm1038025,32
tm986017,42
tm988613,4
tm1080697,86
tm1080697,1
tm1046969,6
tm1099320,1
tm1099320,0
tm1040959,0
tm982470,27
ts270616,0
tm1204412,14
tm1049317,33
tm1201341,15
tm1110212,32
tm1122095,44
tm994923,21
tm1183575,36
tm1026043,83
tm1121084,48
tm1082795,23
tm1063339,36
tm1037800,13
tm918777,55
tm1020293,54
ts287729,4
tm851599,55
tm1110241,4
tm993616,54
tm831387,36
tm878575,55
ts287687,103
tm1099969,32
ts319608,15
tm846586,55
ts288861,79
ts273317,4
tm996479,1
tm996479,4
ts307884,44
tm1091956,48
tm1091956,109
tm985747,42
tm959213,48
tm1040816,48
tm1053409,32
tm1165179,45
tm985215,48
tm1097142,2
tm1074617,0
tm1014599,44
tm1059008,23
tm1035612,0
